code,label,abbrev,notation,parent_code,taxonomy,description,common_names,example_values
SDG.PROCESS,Process,PROC,1,,sdg,"A BFO process (occurrent): an entity that unfolds in time, e.g. an observation, a program execution, a governance activity.",,
SDG.INDEPENDENT_CONTINUANT,Independent Continuant,INDCONT,2,,sdg,A BFO independent continuant: a bearer of qualities that persists through time.,,
SDG.ARTIFACT,Artifact,ARTIFACT,2.1,SDG.INDEPENDENT_CONTINUANT,sdg,"A CCO artifact: an object intentionally made to realize a function (instruments, systems, datasets-as-objects).",,
SDG.ICE,Information Content Entity,ICE,3,,sdg,"A CCO information content entity: a generically dependent continuant that is about, or carries information concerning, some entity.",,
SDG.ICE.DESCRIPTIVE,Descriptive Information Content Entity,DESCICE,3.1,SDG.ICE,sdg,"An ICE that describes an entity or state of affairs (measurements, records, observations).",,
SDG.ICE.DIRECTIVE,Directive Information Content Entity,DIRICE,3.2,SDG.ICE,sdg,"An ICE that prescribes or directs (plans, rules, requirements, policies).",,
SDG.ICE.DESIGNATIVE,Designative Information Content Entity,DESIGICE,3.3,SDG.ICE,sdg,"An ICE that designates or names an entity (identifiers, codes, keys).",,
SDG.GENERIC,Generic Entity,GENERIC,0,,sdg,Foundational / domain-agnostic axiom patterns without a specific BFO/CCO anchor.,,
SDG.GENERIC.PARENTING_ROLE,Parenting Role,PARENTING_ROLE,0.1,SDG.GENERIC,sdg,"A ParentingRole is a role that inheresIn exactly one DisabledAdult and realizes some ParentingActivity. — Class: {ParentingRole:Class} SubClassOf: bfo:0000023, sdg:inheresIn exactly 1 {DisabledAdult:Class}, sdg:realizes some {ParentingActivity:Class}","family=08_derived; slots=ParentingRole,DisabledAdult,ParentingActivity",
SDG.GENERIC.CLINICAL_DOCUMENTATION_ACTIVITY,Clinical Documentation Activity,CLINICAL_DOCUMENTATION_ACTIVITY,0.2,SDG.GENERIC,sdg,ClinicalDocumentationActivity is a process that utilizes an InformationSystem and records a PatientEncounter. — Class: {ClinicalDocumentationActivity:Class} EquivalentTo: bfo:0000015 and sdg:utilizes_information_system some {InformationSystem:Class} and sdg:records_patient_encounter some {PatientEncounter:Class},"family=08_derived; slots=ClinicalDocumentationActivity,InformationSystem,PatientEncounter",
SDG.GENERIC.PDF_EXPORT_PROCESS,Pdf Export Process,PDF_EXPORT_PROCESS,0.3,SDG.GENERIC,sdg,"A PdfExportProcess is a Process that ingests a ScannedImageSet and produces a PdfDocument, inheriting in an ExportExecution. — Class: {PdfExportProcess:Class} EquivalentTo: bfo:0000015 and sdg:ingestsImageSet some {ScannedImageSet:Class} and sdg:producesOutputFile some {PdfDocument:Class} and bfo:0000057 some {ExportExecution:Class}","family=08_derived; slots=PdfExportProcess,ScannedImageSet,PdfDocument,ExportExecution",
SDG.GENERIC.LECTURE_SESSION,Lecture Session,LECTURE_SESSION,0.4,SDG.GENERIC,sdg,A LectureSession is an Occurrent that has_educational_resource some LectureNotes and has_computational_example some MathematicaExample. — Class: {LectureSession:Class} EquivalentTo: bfo:0000015 and sdg:hasEducationalResource some {LectureNotes:Class} and sdg:hasComputationalExample some {MathematicaExample:Class},"family=08_derived; slots=LectureSession,LectureNotes,MathematicaExample",
SDG.GENERIC.YOUNG_RESEARCHER_ROLE,Young Researcher Role,YOUNG_RESEARCHER_ROLE,0.5,SDG.GENERIC,sdg,"A YoungResearcherRole is a role borne by exactly one IndependentContinuant that realizes some ResearchActivity. — Class: {YoungResearcherRole:Class} SubClassOf: bfo:0000023, sdg:bearsRole exactly 1 {IndependentContinuant:Class}, sdg:realizes some {ResearchActivity:Class}","family=08_derived; slots=YoungResearcherRole,IndependentContinuant,ResearchActivity",
SDG.GENERIC.LIBRARY_STUDENT_ASSISTANT_ROLE,Library Student Assistant Role,LIBRARY_STUDENT_ASSISTANT_ROLE,0.6,SDG.GENERIC,sdg,"LibraryStudentAssistantRole is a role borne by exactly one student and realizes some library assistance activity. — Class: {LibraryStudentAssistantRole:Class} SubClassOf: bfo:0000023, sdg:borneBy exactly 1 {Student:Class}, sdg:realizes some {LibraryAssistanceActivity:Class}","family=08_derived; slots=LibraryStudentAssistantRole,Student,LibraryAssistanceActivity",
SDG.GENERIC.CONDIMENT_STATION,Condiment Station,CONDIMENT_STATION,0.7,SDG.GENERIC,sdg,A CondimentStation is a material entity that offers at least one AvailableTopping and is located at at least one StationLocation. — Class: {CondimentStation:Class} EquivalentTo: bfo:0000004 and sdg:offersTopping some {AvailableTopping:Class} and sdg:locatedAt some {StationLocation:Class},"family=08_derived; slots=CondimentStation,AvailableTopping,StationLocation",
SDG.GENERIC.INDIGENOUS_CHILD_ROLE,Indigenous Child Role,INDIGENOUS_CHILD_ROLE,0.8,SDG.GENERIC,sdg,"An IndigenousChildRole is a role borne by exactly one IndependentContinuant that realizes a RightsExercise. — Class: {IndigenousChildRole:Class} SubClassOf: bfo:0000023, sdg:bearsOn exactly 1 {IndependentContinuant:Class}, sdg:realizes some {RightsExercise:Class}","family=08_derived; slots=IndigenousChildRole,IndependentContinuant,RightsExercise",
SDG.GENERIC.POLICE_OFFICER_ROLE,Police Officer Role,POLICE_OFFICER_ROLE,0.9,SDG.GENERIC,sdg,"A PoliceOfficerRole is a role that inheres in exactly one LawEnforcementAgency and realizes some OperationalUnit. — Class: {PoliceOfficerRole:Class} SubClassOf: bfo:0000023, sdg:bearsRole exactly 1 {LawEnforcementAgency:Class}, sdg:realizes some {OperationalUnit:Class}","family=08_derived; slots=PoliceOfficerRole,LawEnforcementAgency,OperationalUnit",
SDG.GENERIC.RESPONSIVE_WEBSITE_DEVELOPMENT,Responsive Website Development,RESPONSIVE_WEBSITE_DEVELOPMENT,0.10,SDG.GENERIC,sdg,A ResponsiveWebsiteDevelopment is a process that targetsPlatform some WebPlatform and employsTechnique some ResponsiveDesignTechnique. — Class: {ResponsiveWebsiteDevelopment:Class} EquivalentTo: bfo:0000015 and sdg:targetsPlatform some {WebPlatform:Class} and sdg:employsTechnique some {ResponsiveDesignTechnique:Class},"family=08_derived; slots=ResponsiveWebsiteDevelopment,WebPlatform,ResponsiveDesignTechnique",
SDG.ICE.CAMPAIGN_COORDINATION,Campaign Coordination,CAMPAIGN_COORDINATION,3.1,SDG.ICE,sdg,A CampaignCoordination is an information content entity that coordinates some OnlineChannel and coordinates some OfflineChannel and hasEngagementMetric some decimal. — Class: {CampaignCoordination:Class} EquivalentTo: cco:InformationContentEntity and sdg:coordinates some {OnlineChannel:Class} and sdg:coordinates some {OfflineChannel:Class} and sdg:hasEngagementMetric some xsd:decimal,"family=08_derived; slots=CampaignCoordination,OnlineChannel,OfflineChannel",
SDG.GENERIC.BENEFIT_OPTION_ELECTION,Benefit Option Election,BENEFIT_OPTION_ELECTION,0.11,SDG.GENERIC,sdg,A BenefitOptionElection is a process that elects a RetirementBenefitOption and has a Member. — Class: {BenefitOptionElection:Class} EquivalentTo: bfo:0000015 and sdg:electsBenefitOption some {RetirementBenefitOption:Class} and sdg:hasApplicant some {Member:Class},"family=08_derived; slots=BenefitOptionElection,RetirementBenefitOption,Member",
SDG.ICE.DESCRIPTIVE.RETIREMENT_BENEFIT_OPTION,Retirement Benefit Option,RETIREMENT_BENEFIT_OPTION,3.1.1,SDG.ICE.DESCRIPTIVE,sdg,A RetirementBenefitOption is a descriptive information entity that specifies a survivor percentage and specifies guarantee months. — Class: {RetirementBenefitOption:Class} EquivalentTo: cco:DescriptiveICE and sdg:specifiesSurvivorPercentage some xsd:decimal and sdg:specifiesGuaranteeMonths some xsd:decimal,family=08_derived; slots=RetirementBenefitOption,
SDG.ICE.MARITAL_STATUS_CERTIFICATION,Marital Status Certification,MARITAL_STATUS_CERTIFICATION,3.2,SDG.ICE,sdg,A MaritalStatusCertification is an information content entity that certifies a MaritalState and specifies a SpousalConsentReason. — Class: {MaritalStatusCertification:Class} EquivalentTo: cco:InformationContentEntity and sdg:certifiesMaritalState some {MaritalState:Class} and sdg:specifiesConsentReason some {SpousalConsentReason:Class},"family=08_derived; slots=MaritalStatusCertification,MaritalState,SpousalConsentReason",
SDG.ICE.DIRECTIVE.BENEFICIARY_DESIGNATION,Beneficiary Designation,BENEFICIARY_DESIGNATION,3.2.1,SDG.ICE.DIRECTIVE,sdg,"A BeneficiaryDesignation is a directive information content entity that designates a DesignatedBeneficiary and governs a RetirementBenefitOption. — Class: {BeneficiaryDesignation:Class} SubClassOf: bfo:0000023, bfo:0000052 some bfo:0000002",family=08_derived; slots=BeneficiaryDesignation,
SDG.GENERIC.CLINICAL_QUALITY_IMPROVEMENT_PROGRAM,Clinical Quality Improvement Program,CLINICAL_QUALITY_IMPROVEMENT_PROGRAM,0.12,SDG.GENERIC,sdg,A ClinicalQualityImprovementProgram is a Process that utilizes some QuantitativeAnalyticTool and evaluates some ClinicalPerformanceData. — Class: {ClinicalQualityImprovementProgram:Class} EquivalentTo: bfo:0000015 and sdg:utilizesAnalyticTool some {QuantitativeAnalyticTool:Class} and sdg:evaluatesPerformanceData some {ClinicalPerformanceData:Class},"family=08_derived; slots=ClinicalQualityImprovementProgram,QuantitativeAnalyticTool,ClinicalPerformanceData",
SDG.ICE.DIRECTIVE.LAW_AND_SOCIETY_TRACK_REQUIREMENT,Law And Society Track Requirement,LAW_AND_SOCIETY_TRACK_REQUIREMENT,3.2.2,SDG.ICE.DIRECTIVE,sdg,LawAndSocietyTrackRequirement is a DirectiveICE that specifies a CourseSelectionSet and applies to a StudentRole. — Class: {LawAndSocietyTrackRequirement:Class} EquivalentTo: cco:DirectiveICE and sdg:specifiesCourseSelection some {CourseSelectionSet:Class} and sdg:appliesToStudent some {StudentRole:Class},"family=08_derived; slots=LawAndSocietyTrackRequirement,CourseSelectionSet,StudentRole",
SDG.GENERIC.SENIOR_ANIMAL_SERVICES_OFFICER_ROLE,Senior Animal Services Officer Role,SENIOR_ANIMAL_SERVICES_OFFICER_ROLE,0.13,SDG.GENERIC,sdg,"A SeniorAnimalServicesOfficerRole is a Role that exactly realizes a function in an AnimalServicesOrganization and realizes some AnimalControlActivity. — Class: {SeniorAnimalServicesOfficerRole:Class} SubClassOf: bfo:0000023, bfo:0000052 some {SeniorAnimalServicesOfficer:Class}, bfo:0000054 some {AnimalControlActivity:Class}","family=08_derived; slots=SeniorAnimalServicesOfficerRole,SeniorAnimalServicesOfficer,AnimalControlActivity",
SDG.GENERIC.VECTOR_CONTROL_ACTIVITY,Vector Control Activity,VECTOR_CONTROL_ACTIVITY,0.14,SDG.GENERIC,sdg,A VectorControlActivity is an Occurrent that implements some VectorControlProgram and targets some ResidentialStreet. — Class: {VectorControlActivity:Class} EquivalentTo: bfo:0000015 and sdg:implementsProgram some {VectorControlProgram:Class} and sdg:targetsLocation some {ResidentialStreet:Class},"family=08_derived; slots=VectorControlActivity,VectorControlProgram,ResidentialStreet",
SDG.GENERIC.SPECIFICATION_TESTING_EVENT,Specification Testing Event,SPECIFICATION_TESTING_EVENT,0.15,SDG.GENERIC,sdg,A SpecificationTestingEvent is an Occurrent that executes a TestingProtocol and targets a Material. — Class: {SpecificationTestingEvent:Class} EquivalentTo: bfo:0000015 and sdg:executesProtocol some {TestingProtocol:Class} and sdg:targetsMaterial some {TargetMaterial:Class},"family=08_derived; slots=SpecificationTestingEvent,TestingProtocol,TargetMaterial",
SDG.GENERIC.MATHEMATICAL_LEARNING_PROCESS,Mathematical Learning Process,MATHEMATICAL_LEARNING_PROCESS,0.16,SDG.GENERIC,sdg,MathematicalLearningProcess is an occurrent that involves some mathematical concept and targets some student role. — Class: {MathematicalLearningProcess:Class} EquivalentTo: bfo:0000015 and sdg:involvesConcept some {MathematicalConcept:Class} and sdg:targetsStudent some {StudentRole:Class},"family=08_derived; slots=MathematicalLearningProcess,MathematicalConcept,StudentRole",
SDG.GENERIC.DATA_CONTROLLER_ROLE,Data Controller Role,DATA_CONTROLLER_ROLE,0.17,SDG.GENERIC,sdg,"A DataControllerRole is an agent_role borne by exactly one LegalEntityOrPerson that realizes the DataDeterminationFunction of determining purposes and means for personal data processing. — Class: {DataControllerRole:Class} SubClassOf: bfo:0000023, bfo:0000052 some {LegalEntityOrPerson:Class}, bfo:0000054 some {DataDeterminationActivity:Class}","family=08_derived; slots=DataControllerRole,LegalEntityOrPerson,DataDeterminationActivity",
SDG.GENERIC.PERSONAL_DATA_PROCESSING_ACTIVITY,Personal Data Processing Activity,PERSONAL_DATA_PROCESSING_ACTIVITY,0.18,SDG.GENERIC,sdg,A PersonalDataProcessingActivity is a process that executes a DataProcessingOperation via an AutomatedSystem and targets a PersonalDataRecord. — Class: {PersonalDataProcessingActivity:Class} EquivalentTo: bfo:0000015 and sdg:executesDataProcessingOperation some {AutomatedSystem:Class} and sdg:targetsDataEntity some {PersonalDataRecord:Class},"family=08_derived; slots=PersonalDataProcessingActivity,AutomatedSystem,PersonalDataRecord",
SDG.GENERIC.STRAP_FIXING_PROCESS,Strap Fixing Process,STRAP_FIXING_PROCESS,0.19,SDG.GENERIC,sdg,A StrapFixingProcess is a BFO process that involves attaching a LateralRestraintStrap and securing it to a BuildingFloorStructure. — Class: {StrapFixingProcess:Class} EquivalentTo: bfo:0000015 and sdg:attachesTo some {LateralRestraintStrap:Class} and sdg:securesTo some {BuildingFloorStructure:Class},"family=08_derived; slots=StrapFixingProcess,LateralRestraintStrap,BuildingFloorStructure",
SDG.GENERIC.INVESTOR_RELATIONS_DIRECTOR_ROLE,Investor Relations Director Role,INVESTOR_RELATIONS_DIRECTOR_ROLE,0.20,SDG.GENERIC,sdg,"An InvestorRelationsDirectorRole is a role borne by exactly one CorporateAgent that realizes an InvestorRelationsActivity. — Class: {InvestorRelationsDirectorRole:Class} SubClassOf: bfo:0000023, bfo:0000052 some {CorporateAgent:Class}, bfo:0000054 some {InvestorRelationsActivity:Class}","family=08_derived; slots=InvestorRelationsDirectorRole,CorporateAgent,InvestorRelationsActivity",
SDG.GENERIC.CORPORATE_INFORMATION_DISCLOSURE_PROCESS,Corporate Information Disclosure Process,CORPORATE_INFORMATION_DISCLOSURE_PROCESS,0.21,SDG.GENERIC,sdg,A CorporateInformationDisclosureProcess is an occurrent that communicates with a RegulatoryBody and produces a FinancialReport. — Class: {CorporateInformationDisclosureProcess:Class} EquivalentTo: bfo:0000015 and sdg:communicatesWithEntity some {RegulatoryBody:Class} and sdg:producesDocument some {FinancialReport:Class},"family=08_derived; slots=CorporateInformationDisclosureProcess,RegulatoryBody,FinancialReport",
SDG.ICE.PERSONAL_HEALTH_RECORD,Personal Health Record,PERSONAL_HEALTH_RECORD,3.3,SDG.ICE,sdg,A PersonalHealthRecord is a CCO Information Content Entity that states some HealthCondition and is subject of some ClientProfile. — Class: {PersonalHealthRecord:Class} EquivalentTo: cco:InformationContentEntity and sdg:states some {HealthCondition:Class} and sdg:subjectOf some {ClientProfile:Class},"family=08_derived; slots=PersonalHealthRecord,HealthCondition,ClientProfile",
SDG.GENERIC.CHIEF_COMPLIANCE_OFFICER_ROLE,Chief Compliance Officer Role,CHIEF_COMPLIANCE_OFFICER_ROLE,0.22,SDG.GENERIC,sdg,"A ChiefComplianceOfficerRole is a Role that inheresIn exactly 1 Person and realizes some CollegeAdministration. — Class: {ChiefComplianceOfficerRole:Class} SubClassOf: bfo:0000023, sdg:inheresIn exactly 1 {Person:Class}, sdg:realizes some {CollegeAdministration:Class}","family=08_derived; slots=ChiefComplianceOfficerRole,Person,CollegeAdministration",
SDG.GENERIC.PROTECTED_DISCLOSURE_PROCESS,Protected Disclosure Process,PROTECTED_DISCLOSURE_PROCESS,0.23,SDG.GENERIC,sdg,A ProtectedDisclosureProcess is a Process that directedTo some ReportingChannel and reportedBy some CollegeOfficial. — Class: {ProtectedDisclosureProcess:Class} EquivalentTo: bfo:0000015 and sdg:directedTo some {ReportingChannel:Class} and sdg:reportedBy some {CollegeOfficial:Class},"family=08_derived; slots=ProtectedDisclosureProcess,ReportingChannel,CollegeOfficial",
SDG.GENERIC.IMPROPER_CONDUCT_EVENT,Improper Conduct Event,IMPROPER_CONDUCT_EVENT,0.24,SDG.GENERIC,sdg,An ImproperConductEvent is a Process that misuses some CollegeResource and performedBy some CollegeCommunityMember. — Class: {ImproperConductEvent:Class} EquivalentTo: bfo:0000015 and sdg:misuses some {CollegeResource:Class} and sdg:performedBy some {CollegeCommunityMember:Class},"family=08_derived; slots=ImproperConductEvent,CollegeResource,CollegeCommunityMember",
SDG.GENERIC.COLLEGE_OFFICIAL_ROLE,College Official Role,COLLEGE_OFFICIAL_ROLE,0.25,SDG.GENERIC,sdg,"A CollegeOfficialRole is a Role that inheresIn exactly 1 Person and realizes some CollegeAdministration. — Class: {CollegeOfficialRole:Class} SubClassOf: bfo:0000023, sdg:inheresIn exactly 1 {Person:Class}, sdg:realizes some {CollegeAdministration:Class}","family=08_derived; slots=CollegeOfficialRole,Person,CollegeAdministration",
SDG.GENERIC.COMPLIANCE_COORDINATOR_ROLE,Compliance Coordinator Role,COMPLIANCE_COORDINATOR_ROLE,0.26,SDG.GENERIC,sdg,"A ComplianceCoordinatorRole is a role that exactly certifiesAcademicStanding for an AcademicRecord and monitorsEligibilityStatus during an EligibilityComplianceCheck. — Class: {ComplianceCoordinatorRole:Class} SubClassOf: bfo:0000023, sdg:certifiesAcademicStanding exactly 1 {AcademicRecord:Class}, sdg:monitorsEligibilityStatus some {EligibilityComplianceCheck:Class}","family=08_derived; slots=ComplianceCoordinatorRole,AcademicRecord,EligibilityComplianceCheck",
SDG.GENERIC.CREDIT_HOUR_CERTIFICATION_PROCESS,Credit Hour Certification Process,CREDIT_HOUR_CERTIFICATION_PROCESS,0.27,SDG.GENERIC,sdg,A CreditHourCertificationProcess is an occurrent that participates_in an AcademicTerm. — Class: {CreditHourCertificationProcess:Class} EquivalentTo: bfo:0000015 and bfo:0000057 some {AcademicTerm:Class},"family=08_derived; slots=CreditHourCertificationProcess,AcademicTerm",
SDG.GENERIC.ATHLETIC_ATTENDANT_ROLE,Athletic Attendant Role,ATHLETIC_ATTENDANT_ROLE,0.28,SDG.GENERIC,sdg,"An AthleticAttendantRole is an agent_role that hasRoleBearer exactly one Person and realizes an AthleticMonitoringActivity. — Class: {AthleticAttendantRole:Class} SubClassOf: bfo:0000023, sdg:hasRoleBearer exactly 1 {Person:Class}, sdg:realizes some {AthleticMonitoringActivity:Class}","family=08_derived; slots=AthleticAttendantRole,Person,AthleticMonitoringActivity",
SDG.ICE.CONFERENCE_PROGRAMME,Conference Programme,CONFERENCE_PROGRAMME,3.4,SDG.ICE,sdg,A conference programme is an information content entity that contains_presentation some academic presentation. — Class: {ConferenceProgramme:Class} EquivalentTo: cco:InformationContentEntity and sdg:contains_presentation some {AcademicPresentation:Class},"family=08_derived; slots=ConferenceProgramme,AcademicPresentation",
SDG.ARTIFACT.SCIENTIFIC_ORGANIZATION,Scientific Organization,SCIENTIFIC_ORGANIZATION,2.1.1,SDG.ARTIFACT,sdg,A scientific organization is an artifact that publishes_journal some academic journal and organizes_meetings some scientific meeting. — Class: {ScientificOrganization:Class} EquivalentTo: sdg:publishes_journal some {AcademicJournal:Class} and sdg:organizes_meetings some {ScientificMeeting:Class},"family=08_derived; slots=ScientificOrganization,AcademicJournal,ScientificMeeting",
SDG.ICE.DONOR_PROFILE,Donor Profile,DONOR_PROFILE,3.5,SDG.ICE,sdg,A DonorProfile is an InformationContentEntity that has some ContactInformation. — Class: {DonorProfile:Class} EquivalentTo: cco:InformationContentEntity and sdg:hasContactInformation some {ContactInformation:Class},"family=08_derived; slots=DonorProfile,ContactInformation",
SDG.ICE.DONATION_TRANSACTION_RECORD,Donation Transaction Record,DONATION_TRANSACTION_RECORD,3.6,SDG.ICE,sdg,"A DonationTransactionRecord is an InformationContentEntity involving some Donor, allocating to some GiftAllocationPurpose, and having some monetary value. — Class: {DonationTransactionRecord:Class} EquivalentTo: cco:InformationContentEntity and sdg:involvesDonor some {Donor:Class} and sdg:allocatesTo some {GiftAllocationPurpose:Class} and sdg:hasMonetaryValue some xsd:decimal","family=08_derived; slots=DonationTransactionRecord,Donor,GiftAllocationPurpose",
SDG.GENERIC.MEMBERSHIP_TRANSFER_PROCESS,Membership Transfer Process,MEMBERSHIP_TRANSFER_PROCESS,0.29,SDG.GENERIC,sdg,A MembershipTransferProcess is a BFO process that involves a Membership and targets an Individual. — Class: {MembershipTransferProcess:Class} EquivalentTo: bfo:0000015 and sdg:involvesMembership some {Membership:Class} and sdg:targetsRecipient some {Individual:Class},"family=08_derived; slots=MembershipTransferProcess,Membership,Individual",
SDG.GENERIC.RETAINING_EMPLOYEE_ROLE,Retaining Employee Role,RETAINING_EMPLOYEE_ROLE,0.30,SDG.GENERIC,sdg,"A RetainingEmployeeRole is a BFO role realized by a DepartingEmployee that grants a TransferAuthorization. — Class: {RetainingEmployeeRole:Class} SubClassOf: bfo:0000023, sdg:realizesRoleIn exactly 1 {DepartingEmployee:Class}, sdg:grantsTransferPermission some {TransferAuthorization:Class}","family=08_derived; slots=RetainingEmployeeRole,DepartingEmployee,TransferAuthorization",
SDG.ICE.MEMBERSHIP_TRANSFER_REQUEST,Membership Transfer Request,MEMBERSHIP_TRANSFER_REQUEST,3.7,SDG.ICE,sdg,A MembershipTransferRequest is an InformationContentEntity submitted by a SocialServicesDepartment. — Class: {MembershipTransferRequest:Class} EquivalentTo: cco:InformationContentEntity and sdg:submittedBy some {SocialServicesDepartment:Class},"family=08_derived; slots=MembershipTransferRequest,SocialServicesDepartment",
SDG.ICE.EDUCATION_HEALTH_CARE_PLAN,Education Health Care Plan,EDUCATION_HEALTH_CARE_PLAN,3.8,SDG.ICE,sdg,An EducationHealthCarePlan is an InformationContentEntity that describes some StudentProfile and specifies some InterventionRequirements for SpecialEducationalNeeds. — Class: {EducationHealthCarePlan:Class} EquivalentTo: cco:InformationContentEntity and sdg:describesStudentProfile some {Student:Class} and sdg:specifiesInterventionRequirements some {SpecialEducationalNeeds:Class},"family=08_derived; slots=EducationHealthCarePlan,Student,SpecialEducationalNeeds",
SDG.GENERIC.EDUCATIONAL_PLACEMENT_PROCESS,Educational Placement Process,EDUCATIONAL_PLACEMENT_PROCESS,0.31,SDG.GENERIC,sdg,An EducationalPlacementProcess is an Occurrent that affects some Student and produces some Curriculum. — Class: {EducationalPlacementProcess:Class} EquivalentTo: bfo:0000015 and sdg:affectsStudent some {Student:Class} and sdg:producesCurriculum some {Curriculum:Class},"family=08_derived; slots=EducationalPlacementProcess,Student,Curriculum",
SDG.GENERIC.PROVIDER_CHANGE_REQUEST_PROCESS,Provider Change Request Process,PROVIDER_CHANGE_REQUEST_PROCESS,0.32,SDG.GENERIC,sdg,A ProviderChangeRequestProcess is a Process that has a RequestingClient and targets a RequestedProviderType. — Class: {ProviderChangeRequestProcess:Class} EquivalentTo: bfo:0000015 and sdg:hasRequestingClient some {RequestingClient:Class} and sdg:targetsProviderType some {RequestedProviderType:Class},"family=08_derived; slots=ProviderChangeRequestProcess,RequestingClient,RequestedProviderType",
SDG.GENERIC.OZONE_THERAPY_SESSION,Ozone Therapy Session,OZONE_THERAPY_SESSION,0.33,SDG.GENERIC,sdg,An OzoneTherapySession is a process that administers an OzoneOxygenMixture and utilizes an AutohemotherapyProcedure. — Class: {OzoneTherapySession:Class} EquivalentTo: bfo:0000015 and sdg:administersSubstance some {OzoneOxygenMixture:Class} and sdg:utilizesProcedure some {AutohemotherapyProcedure:Class},"family=08_derived; slots=OzoneTherapySession,OzoneOxygenMixture,AutohemotherapyProcedure",
SDG.ICE.DESCRIPTIVE.CLOUD_STORAGE_ALLOCATION,Cloud Storage Allocation,CLOUD_STORAGE_ALLOCATION,3.1.2,SDG.ICE.DESCRIPTIVE,sdg,A StorageAllocation is a descriptive information content entity that allocates to exactly one Student and provides exactly one CloudStorageVolume. — Class: {StorageAllocation:Class} EquivalentTo: cco:DescriptiveICE and sdg:allocatesTo exactly 1 {Student:Class} and sdg:providesResource exactly 1 {CloudStorageVolume:Class},"family=08_derived; slots=StorageAllocation,Student,CloudStorageVolume",
SDG.ICE.MEASUREMENT_CAPABILITY,Measurement Capability,MEASUREMENT_CAPABILITY,3.9,SDG.ICE,sdg,"A MeasurementCapability is an InformationContentEntity that has some MeasurementParameter, has some MeasurementRange, and has some decimal ExpandedUncertainty. — Class: {MeasurementCapability:Class} EquivalentTo: cco:InformationContentEntity and sdg:hasMeasurementParameter some {MeasurementParameter:Class} and sdg:hasMeasurementRange some {MeasurementRange:Class} and sdg:hasExpandedUncertainty some xsd:decimal","family=08_derived; slots=MeasurementCapability,MeasurementParameter,MeasurementRange",
SDG.GENERIC.CYBERSECURITY_INCIDENT,Cybersecurity Incident,CYBERSECURITY_INCIDENT,0.34,SDG.GENERIC,sdg,A CybersecurityIncident is a Process that targets a HealthcareNetworkInfrastructure and produces an OperationalDisruption. — Class: {CybersecurityIncident:Class} EquivalentTo: bfo:0000015 and sdg:targetsInfrastructure some {HealthcareNetworkInfrastructure:Class} and sdg:producesConsequence some {OperationalDisruption:Class},"family=08_derived; slots=CybersecurityIncident,HealthcareNetworkInfrastructure,OperationalDisruption",
SDG.ICE.DEVICE_INVENTORY_RECORD,Device Inventory Record,DEVICE_INVENTORY_RECORD,3.10,SDG.ICE,sdg,A DeviceInventoryRecord is an InformationContentEntity that enumerates a MedicalDevice. — Class: {DeviceInventoryRecord:Class} EquivalentTo: cco:InformationContentEntity and sdg:enumeratesDevice some {MedicalDevice:Class},"family=08_derived; slots=DeviceInventoryRecord,MedicalDevice",
SDG.GENERIC.COMMUNITY_LEARNING_DISABILITY_NURSE,Community Learning Disability Nurse,COMMUNITY_LEARNING_DISABILITY_NURSE,0.35,SDG.GENERIC,sdg,CommunityLearningDisabilityNurse is a role that realizesRole in a CommunityHealthcareSetting and fulfillsProfessionalRole for exactly 1 HealthcareAgent. — Class: {CommunityLearningDisabilityNurse:Class} SubClassOf: bfo:0000023 and bfo:0000052 some {HealthcareAgent:Class} and sdg:fulfillsProfessionalRole exactly 1 {HealthcareAgent:Class} and sdg:realizesRole some {CommunityHealthcareSetting:Class},"family=08_derived; slots=CommunityLearningDisabilityNurse,HealthcareAgent,CommunityHealthcareSetting",
SDG.ICE.ROLE_PERCEPTION,Role Perception,ROLE_PERCEPTION,3.11,SDG.ICE,sdg,RolePerception is an information content entity that cognitivelyRepresents a RoleConcept. — Class: {RolePerception:Class} EquivalentTo: cco:InformationContentEntity and sdg:cognitivelyRepresents some {RoleConcept:Class},"family=08_derived; slots=RolePerception,RoleConcept",
SDG.GENERIC.CARDIOTHORACIC_RADIOLOGIST_ROLE,Cardiothoracic Radiologist Role,CARDIOTHORACIC_RADIOLOGIST_ROLE,0.36,SDG.GENERIC,sdg,A CardiothoracicRadiologistRole is a role borne by exactly one Person and realizing a DiagnosticImagingPractice. — Class: {CardiothoracicRadiologistRole:Class} SubClassOf: bfo:0000023 and bfo:0000052 some {Person:Class} and sdg:bearsRole exactly 1 {Person:Class} and sdg:realizesFunction some {DiagnosticImagingPractice:Class},"family=08_derived; slots=CardiothoracicRadiologistRole,Person,DiagnosticImagingPractice",
SDG.GENERIC.PRECLINICAL_IMAGING_CORE,Preclinical Imaging Core,PRECLINICAL_IMAGING_CORE,0.37,SDG.GENERIC,sdg,A PreclinicalImagingCore is a material entity that has some direct part of type ImagingEquipment. — Class: {PreclinicalImagingCore:Class} EquivalentTo: bfo:0000004 and bfo:0000050 some {ImagingEquipment:Class},"family=08_derived; slots=PreclinicalImagingCore,ImagingEquipment",
SDG.GENERIC.GENERAL_MANAGER_ROLE,General Manager Role,GENERAL_MANAGER_ROLE,0.38,SDG.GENERIC,sdg,"A General Manager Role is a BFO Role borne by exactly one Human Agent and realizing some Organizational Function. — Class: {GeneralManagerRole:Class} SubClassOf: bfo:0000023, sdg:bearsRole exactly 1 {HumanAgent:Class}, sdg:realizes some {OrganizationalFunction:Class}","family=08_derived; slots=GeneralManagerRole,HumanAgent,OrganizationalFunction",
SDG.GENERIC.QUALITY_PRACTICE,Quality Practice,QUALITY_PRACTICE,0.39,SDG.GENERIC,sdg,A QualityPractice is a PracticeSession that is not a QuantityPractice. — Class: {QualityPractice:Class} EquivalentTo: {PracticeSession:Class} and not {QuantityPractice:Class},"family=08_derived; slots=QualityPractice,PracticeSession,QuantityPractice",
SDG.GENERIC.DNS_ABUSE_STUDY,Dns Abuse Study,DNS_ABUSE_STUDY,0.40,SDG.GENERIC,sdg,A DNSAbuseStudy is a Process that targets an AbuseEvent and evaluates a gTLDProgram. — Class: {DNSAbuseStudy:Class} EquivalentTo: bfo:0000015 and sdg:targetsAbuseEvent some {AbuseEvent:Class} and sdg:evaluatesProgram some {gTLDProgram:Class},"family=08_derived; slots=DNSAbuseStudy,AbuseEvent,gTLDProgram",
SDG.ICE.DIRECTIVE.SAFEGUARD_MEASURE,Safeguard Measure,SAFEGUARD_MEASURE,3.2.3,SDG.ICE.DIRECTIVE,sdg,A SafeguardMeasure is a DirectiveICE that mitigates an AbuseEvent and applies to a gTLDProgram. — Class: {SafeguardMeasure:Class} EquivalentTo: cco:DirectiveICE and sdg:mitigates some {AbuseEvent:Class} and sdg:appliesToProgram some {gTLDProgram:Class},"family=08_derived; slots=SafeguardMeasure,AbuseEvent,gTLDProgram",
SDG.ICE.RESPONSIBLE_INVESTMENT_FUND_COLLECTION,Responsible Investment Fund Collection,RESPONSIBLE_INVESTMENT_FUND_COLLECTION,3.12,SDG.ICE,sdg,A ResponsibleInvestmentFundCollection is an InformationContentEntity that comprises some EthicalInvestmentAsset. — Class: {ResponsibleInvestmentFundCollection:Class} EquivalentTo: cco:InformationContentEntity and sdg:comprises some {EthicalInvestmentAsset:Class},"family=08_derived; slots=ResponsibleInvestmentFundCollection,EthicalInvestmentAsset",
SDG.ICE.CORPORATE_REPUTATION_INFLUENCE_SITUATION,Corporate Reputation Influence Situation,CORPORATE_REPUTATION_INFLUENCE_SITUATION,3.13,SDG.ICE,sdg,A CorporateReputationInfluenceSituation is an InformationContentEntity that supports some CorporateReputationMetric and influences some InvestmentChoiceDecision. — Class: {CorporateReputationInfluenceSituation:Class} EquivalentTo: cco:InformationContentEntity and sdg:supports some {CorporateReputationMetric:Class} and sdg:influences some {InvestmentChoiceDecision:Class},"family=08_derived; slots=CorporateReputationInfluenceSituation,CorporateReputationMetric,InvestmentChoiceDecision",
SDG.GENERIC.MOLECULAR_DYNAMICS_SIMULATION_PROCESS,Molecular Dynamics Simulation Process,MOLECULAR_DYNAMICS_SIMULATION_PROCESS,0.41,SDG.GENERIC,sdg,A MolecularDynamicsSimulationProcess is a process that executes on some SimulationSoftware and models some MolecularTarget. — Class: {MolecularDynamicsSimulationProcess:Class} EquivalentTo: bfo:0000015 and sdg:executesOnSoftware some {SimulationSoftware:Class} and sdg:modelsMolecule some {MolecularTarget:Class},"family=08_derived; slots=MolecularDynamicsSimulationProcess,SimulationSoftware,MolecularTarget",
SDG.ICE.MATCHED_SME_DATASET,Matched Sme Dataset,MATCHED_SME_DATASET,3.14,SDG.ICE,sdg,A matched SME dataset is an information content entity that contains survey response records derived from longitudinal business surveys. — Class: {MatchedSMEDataSet:Class} EquivalentTo: cco:InformationContentEntity and sdg:containsResponseRecord some {SurveyResponseRecord:Class} and sdg:isMatchedDatasetOf some {SurveyResponseRecord:Class},"family=08_derived; slots=MatchedSMEDataSet,SurveyResponseRecord",
SDG.GENERIC.IT_GOVERNANCE_PROCESS,It Governance Process,IT_GOVERNANCE_PROCESS,0.42,SDG.GENERIC,sdg,An ITGovernanceProcess is a process that manages some FinancialResource and improves some OperationalEffectiveness. — Class: {ITGovernanceProcess:Class} EquivalentTo: bfo:0000015 and sdg:managesResource some {FinancialResource:Class} and sdg:improvesMetric some {OperationalEffectiveness:Class},"family=08_derived; slots=ITGovernanceProcess,FinancialResource,OperationalEffectiveness",
SDG.ICE.STAKEHOLDER_NEED,Stakeholder Need,STAKEHOLDER_NEED,3.15,SDG.ICE,sdg,A StakeholderNeed is an InformationContentEntity expressed by some StakeholderRole. — Class: {StakeholderNeed:Class} EquivalentTo: cco:InformationContentEntity and sdg:expressedBy some {StakeholderRole:Class},"family=08_derived; slots=StakeholderNeed,StakeholderRole",
SDG.GENERIC.LEGAL_ADVOCACY_PROCESS,Legal Advocacy Process,LEGAL_ADVOCACY_PROCESS,0.43,SDG.GENERIC,sdg,A LegalAdvocacyProcess is a Process that targets some DomesticViolenceVictimClient and utilizes some CourtDocument. — Class: {LegalAdvocacyProcess:Class} EquivalentTo: bfo:0000015 and sdg:targetsClient some {DomesticViolenceVictimClient:Class} and sdg:utilizesDocument some {CourtDocument:Class},"family=08_derived; slots=LegalAdvocacyProcess,DomesticViolenceVictimClient,CourtDocument",
SDG.ICE.DESCRIPTIVE.ACADEMIC_PROGRAM_REQUIREMENT,Academic Program Requirement,ACADEMIC_PROGRAM_REQUIREMENT,3.1.3,SDG.ICE.DESCRIPTIVE,sdg,An AcademicProgramRequirement is a descriptive information content entity that specifies a minimum credit hours value and a maximum credit hours value. — Class: {AcademicProgramRequirement:Class} EquivalentTo: cco:DescriptiveICE and sdg:minimumCreditHours some xsd:decimal and sdg:maximumCreditHours some xsd:decimal,family=08_derived; slots=AcademicProgramRequirement,
SDG.ICE.DESCRIPTIVE.SEQUENCING_COVERAGE_PARAMETER,Sequencing Coverage Parameter,SEQUENCING_COVERAGE_PARAMETER,3.1.4,SDG.ICE.DESCRIPTIVE,sdg,A sequencing coverage parameter is a descriptive information entity that has exactly one coverage depth decimal value. — Class: {SequencingCoverageParameter:Class} EquivalentTo: cco:DescriptiveICE and sdg:hasCoverageDepth exactly 1 xsd:decimal,family=08_derived; slots=SequencingCoverageParameter,
SDG.GENERIC.CLINICAL_GENOMIC_ANALYSIS_PROGRAM,Clinical Genomic Analysis Program,CLINICAL_GENOMIC_ANALYSIS_PROGRAM,0.44,SDG.GENERIC,sdg,A clinical genomic analysis program is a process that integrates a patient health profile and employs an analytical machine learning model. — Class: {ClinicalGenomicAnalysisProgram:Class} EquivalentTo: bfo:0000015 and sdg:integratesHealthProfile some {HealthProfile:Class} and sdg:employsAnalyticalModel some {MachineLearningModel:Class},"family=08_derived; slots=ClinicalGenomicAnalysisProgram,HealthProfile,MachineLearningModel",
SDG.GENERIC.GENOMIC_SEQUENCING_TEST,Genomic Sequencing Test,GENOMIC_SEQUENCING_TEST,0.45,SDG.GENERIC,sdg,A GenomicSequencingTest is a Process that targets a GenomicSpecimen and utilizes a SequencingPlatform. — Class: {GenomicSequencingTest:Class} EquivalentTo: bfo:0000015 and sdg:targetsSpecimen some {GenomicSpecimen:Class} and sdg:utilizesPlatform some {SequencingPlatform:Class},"family=08_derived; slots=GenomicSequencingTest,GenomicSpecimen,SequencingPlatform",
SDG.ICE.PERSONAL_HEALTH_PROFILE,Personal Health Profile,PERSONAL_HEALTH_PROFILE,3.16,SDG.ICE,sdg,A PersonalHealthProfile is an InformationContentEntity that incorporates GenomicData and incorporates ClinicalImagingData. — Class: {PersonalHealthProfile:Class} EquivalentTo: cco:InformationContentEntity and sdg:incorporatesGenomicData some {GenomicData:Class} and sdg:incorporatesImagingData some {ClinicalImagingData:Class},"family=08_derived; slots=PersonalHealthProfile,GenomicData,ClinicalImagingData",
SDG.GENERIC.CONCEPT_CONSTRUCTION_PROCESS,Concept Construction Process,CONCEPT_CONSTRUCTION_PROCESS,0.46,SDG.GENERIC,sdg,A ConceptConstructionProcess is a Process that constructsFrom a SubjectConcept and yieldsResult in a PredicateConcept. — Class: {ConceptConstructionProcess:Class} EquivalentTo: bfo:0000015 and sdg:constructsFrom some {SubjectConcept:Class} and sdg:yieldsResult some {PredicateConcept:Class},"family=08_derived; slots=ConceptConstructionProcess,SubjectConcept,PredicateConcept",
SDG.GENERIC.RENDERED_ANIMATION_ARTIFACT,Rendered Animation Artifact,RENDERED_ANIMATION_ARTIFACT,0.47,SDG.GENERIC,sdg,"A RenderedAnimationArtifact is an independent continuant that realizes an AnimationSequence and abstracts a RenderingEnvironment. — Class: {RenderedAnimationArtifact:Class} SubClassOf: bfo:0000004, sdg:realizes some {AnimationSequence:Class}, sdg:abstracts some {RenderingEnvironment:Class}","family=08_derived; slots=RenderedAnimationArtifact,AnimationSequence,RenderingEnvironment",
SDG.GENERIC.SOCIAL_MEDIA_ACCOUNT_ADMINISTRATOR,Social Media Account Administrator,SOCIAL_MEDIA_ACCOUNT_ADMINISTRATOR,0.48,SDG.GENERIC,sdg,"A SocialMediaAccountAdministrator is an agent role borne by exactly one DistrictEmployee that realizes an AccountManagementFunction. — Class: {SocialMediaAccountAdministrator:Class} SubClassOf: bfo:0000023, sdg:bearsRole exactly 1 {DistrictEmployee:Class}, sdg:realizes some {AccountManagementFunction:Class}","family=08_derived; slots=SocialMediaAccountAdministrator,DistrictEmployee,AccountManagementFunction",
SDG.GENERIC.SOCIAL_MEDIA_ACCOUNT_REGISTRATION,Social Media Account Registration,SOCIAL_MEDIA_ACCOUNT_REGISTRATION,0.49,SDG.GENERIC,sdg,A SocialMediaAccountRegistration is an occurrent that requires submission of some LoginCredentials and targets some PublicInformationOfficer. — Class: {SocialMediaAccountRegistration:Class} EquivalentTo: bfo:0000015 and sdg:requiresSubmissionOf some {LoginCredentials:Class} and sdg:targets some {PublicInformationOfficer:Class},"family=08_derived; slots=SocialMediaAccountRegistration,LoginCredentials,PublicInformationOfficer",
SDG.GENERIC.CHIEF_FINANCIAL_OFFICER_ROLE,Chief Financial Officer Role,CHIEF_FINANCIAL_OFFICER_ROLE,0.50,SDG.GENERIC,sdg,"A ChiefFinancialOfficerRole is a role that bears exactly one OrganizationalAgent and realizes a FinancialManagementProcess. — Class: {ChiefFinancialOfficerRole:Class} SubClassOf: bfo:0000023, sdg:bearsAgent exactly 1 {OrganizationalAgent:Class}, sdg:realizes some {FinancialManagementProcess:Class}","family=08_derived; slots=ChiefFinancialOfficerRole,OrganizationalAgent,FinancialManagementProcess",
SDG.GENERIC.FINANCIAL_STRATEGY_AND_PLANNING_PROCESS,Financial Strategy And Planning Process,FINANCIAL_STRATEGY_AND_PLANNING_PROCESS,0.51,SDG.GENERIC,sdg,A FinancialStrategyAndPlanningProcess is a process that involves an ExecutiveTeam and has a FinancialReport as output. — Class: {FinancialStrategyAndPlanningProcess:Class} EquivalentTo: bfo:0000015 and sdg:involvesParticipant some {ExecutiveTeam:Class} and sdg:hasOutput some {FinancialReport:Class},"family=08_derived; slots=FinancialStrategyAndPlanningProcess,ExecutiveTeam,FinancialReport",
SDG.ICE.EXECUTIVE_TEAM_ROSTER,Executive Team Roster,EXECUTIVE_TEAM_ROSTER,3.17,SDG.ICE,sdg,"An ExecutiveTeamRoster is an information content entity that has an ExecutiveTeamMember as a member. — Class: {ExecutiveTeamRoster:Class} SubClassOf: bfo:0000023, bfo:0000052 some {ExecutiveTeam:Class}","family=08_derived; slots=ExecutiveTeamRoster,ExecutiveTeam",
SDG.GENERIC.RISK_INFORMED_ACCEPTABILITY_EVALUATION,Risk Informed Acceptability Evaluation,RISK_INFORMED_ACCEPTABILITY_EVALUATION,0.52,SDG.GENERIC,sdg,RiskInformedAcceptabilityEvaluation is a process that considers a RiskMetric and evaluates a DegradedSystemCondition. — Class: {RiskInformedAcceptabilityEvaluation:Class} EquivalentTo: bfo:0000015 and sdg:considersRiskMetric some {RiskMetric:Class} and sdg:evaluatesSystemCondition some {DegradedSystemCondition:Class},"family=08_derived; slots=RiskInformedAcceptabilityEvaluation,RiskMetric,DegradedSystemCondition",
SDG.GENERIC.QUALIFIED_SOURCE_TESTING_INDIVIDUAL,Qualified Source Testing Individual,QUALIFIED_SOURCE_TESTING_INDIVIDUAL,0.53,SDG.GENERIC,sdg,"QualifiedSourceTestingIndividual is an agent role that inheres_in exactly 1 Person and realizes some SourceTestingCertification. — Class: {QualifiedSourceTestingIndividual:Class} SubClassOf: bfo:0000023, sdg:inheres_in exactly 1 {Person:Class}, sdg:realizes some {SourceTestingCertification:Class}","family=08_derived; slots=QualifiedSourceTestingIndividual,Person,SourceTestingCertification",
SDG.GENERIC.CONTINUOUS_EMISSIONS_MONITORING_EVALUATION,Continuous Emissions Monitoring Evaluation,CONTINUOUS_EMISSIONS_MONITORING_EVALUATION,0.54,SDG.GENERIC,sdg,ContinuousEmissionsMonitoringSystemEvaluation is a process that evaluates some ContinuousEmissionsMonitoringSystem and employs_method some WetChemistryMethod. — Class: {ContinuousEmissionsMonitoringSystemEvaluation:Class} EquivalentTo: bfo:0000015 and sdg:evaluates some {ContinuousEmissionsMonitoringSystem:Class} and sdg:employs_method some {WetChemistryMethod:Class},"family=08_derived; slots=ContinuousEmissionsMonitoringSystemEvaluation,ContinuousEmissionsMonitoringSystem,WetChemistryMethod",
SDG.GENERIC.FIELD_EQUIPMENT_COORDINATION,Field Equipment Coordination,FIELD_EQUIPMENT_COORDINATION,0.55,SDG.GENERIC,sdg,FieldEquipmentCoordination is a process that participates_in some OperationalEquipment. — Class: {FieldEquipmentCoordination:Class} EquivalentTo: bfo:0000015 and bfo:0000057 some {OperationalEquipment:Class} and sdg:coordinates some {FieldOperation:Class},"family=08_derived; slots=FieldEquipmentCoordination,OperationalEquipment,FieldOperation",
SDG.ICE.SUPERVISED_TEST_UNIT_CATALOG,Supervised Test Unit Catalog,SUPERVISED_TEST_UNIT_CATALOG,3.18,SDG.ICE,sdg,SupervisedTestUnitCatalog is an information content entity that contains some IndustrialEmissionSource. — Class: {SupervisedTestUnitCatalog:Class} EquivalentTo: cco:InformationContentEntity and sdg:contains some {IndustrialEmissionSource:Class} and sdg:hasStructure some {CatalogStructure:Class},"family=08_derived; slots=SupervisedTestUnitCatalog,IndustrialEmissionSource,CatalogStructure",
SDG.GENERIC.MALNUTRITION_TREATMENT_PROCESS,Malnutrition Treatment Process,MALNUTRITION_TREATMENT_PROCESS,0.56,SDG.GENERIC,sdg,A MalnutritionTreatmentProcess is an occurrent that treats a MalnourishedChild and achieves a RecoveredState. — Class: {MalnutritionTreatmentProcess:Class} EquivalentTo: bfo:0000015 and sdg:treats some {MalnourishedChild:Class} and sdg:achievesOutcome some {RecoveredState:Class},"family=08_derived; slots=MalnutritionTreatmentProcess,MalnourishedChild,RecoveredState",
SDG.GENERIC.HYPOTHESIS_TEST,Hypothesis Test,HYPOTHESIS_TEST,0.57,SDG.GENERIC,sdg,A HypothesisTest is an occurrent that evaluates a TestStatistic and applies a SignificanceLevel. — Class: {HypothesisTest:Class} EquivalentTo: bfo:0000015 and sdg:evaluatesStatistic some {TestStatistic:Class} and sdg:appliesSignificanceLevel some {SignificanceLevel:Class},"family=08_derived; slots=HypothesisTest,TestStatistic,SignificanceLevel",
SDG.GENERIC.STAFF_SOCIAL_MEDIA_ACCOUNT_ADMINISTRATOR_ROLE,Staff Social Media Account Administrator Role,STAFF_SOCIAL_MEDIA_ACCOUNT_ADMINISTRATOR_ROLE,0.58,SDG.GENERIC,sdg,"A Staff Social Media Account Administrator Role is a role that inheres in exactly one Staff Member and realizes some Social Media Account Management Process. — Class: {StaffSocialMediaAccountAdministratorRole:Class} SubClassOf: bfo:0000023, sdg:inheres_in_bearer exactly 1 {StaffMember:Class}, sdg:role_realizes some {SocialMediaAccountManagementProcess:Class}","family=08_derived; slots=StaffSocialMediaAccountAdministratorRole,StaffMember,SocialMediaAccountManagementProcess",
SDG.ICE.DESCRIPTIVE.SOCIAL_NETWORKING_SERVICE_PLATFORM,Social Networking Service Platform,SOCIAL_NETWORKING_SERVICE_PLATFORM,3.1.5,SDG.ICE.DESCRIPTIVE,sdg,A Social Networking Service Platform is a descriptive information content entity that designates some Social Networking Service Type. — Class: {SocialNetworkingServicePlatform:Class} EquivalentTo: cco:DescriptiveICE and sdg:designates_service_type some {SocialNetworkingServiceType:Class},"family=08_derived; slots=SocialNetworkingServicePlatform,SocialNetworkingServiceType",
SDG.ICE.BACK_SHELL_DIMENSION_SPEC,Back Shell Dimension Spec,BACK_SHELL_DIMENSION_SPEC,3.19,SDG.ICE,sdg,"A BackShellDimensionSpec is an information content entity that specifies a WidthMeasurement and a HeightMeasurement, and has a DepthValue. — Class: {BackShellDimensionSpec:Class} EquivalentTo: cco:InformationContentEntity and sdg:specifiesWidth some {WidthMeasurement:Class} and sdg:specifiesHeight some {HeightMeasurement:Class} and sdg:hasDepth some xsd:decimal","family=08_derived; slots=BackShellDimensionSpec,WidthMeasurement,HeightMeasurement",
SDG.GENERIC.MENU_COURSE,Menu Course,MENU_COURSE,0.59,SDG.GENERIC,sdg,A MenuCourse is a material entity that has a part Dish. — Class: {MenuCourse:Class} EquivalentTo: bfo:0000004 and bfo:0000050 some {Dish:Class},"family=08_derived; slots=MenuCourse,Dish",
SDG.GENERIC.SERVICE_STAFF_ROLE,Service Staff Role,SERVICE_STAFF_ROLE,0.60,SDG.GENERIC,sdg,"A ServiceStaffRole is a role borne by exactly one RestaurantStaff that realizes a ServiceProvisionActivity. — Class: {ServiceStaffRole:Class} SubClassOf: bfo:0000023, sdg:hasBearer exactly 1 {RestaurantStaff:Class}, sdg:realizes some {ServiceProvisionActivity:Class}","family=08_derived; slots=ServiceStaffRole,RestaurantStaff,ServiceProvisionActivity",
SDG.GENERIC.FLOOD_ASSET_CONDITION_ASSESSMENT,Flood Asset Condition Assessment,FLOOD_ASSET_CONDITION_ASSESSMENT,0.61,SDG.GENERIC,sdg,An activity that assesses flood infrastructure and utilizes earth observation data. — Class: {FloodAssetConditionAssessment:Class} EquivalentTo: bfo:0000015 and sdg:assesses some {FloodInfrastructure:Class} and sdg:utilizes some {EarthObservationData:Class},"family=08_derived; slots=FloodAssetConditionAssessment,FloodInfrastructure,EarthObservationData",
SDG.GENERIC.RECORD_AUTHORIZATION_ROLE,Record Authorization Role,RECORD_AUTHORIZATION_ROLE,0.62,SDG.GENERIC,sdg,"A record authorization role is a role borne by exactly one youth or guardian and realizes in a health record transfer process. — Class: {RecordAuthorizationRole:Class} SubClassOf: bfo:0000023, bfo:0000052 some {YouthOrGuardian:Class}, bfo:0000054 some {HealthRecordTransferProcess:Class}","family=08_derived; slots=RecordAuthorizationRole,YouthOrGuardian,HealthRecordTransferProcess",
SDG.ICE.DIRECTIVE.COMMUNICABLE_DISEASE_NOTIFICATION_REQUIREMENT,Communicable Disease Notification Requirement,COMMUNICABLE_DISEASE_NOTIFICATION_REQUIREMENT,3.2.4,SDG.ICE.DIRECTIVE,sdg,A communicable disease notification requirement is a directive ICE that requires disclosure of a health care summary and is directed to receiving facility staff. — Class: {CommunicableDiseaseNotificationRequirement:Class} EquivalentTo: cco:DirectiveICE and sdg:requiresDisclosureOf some {HealthCareSummary:Class} and sdg:directedTo some {ReceivingFacilityStaff:Class},"family=08_derived; slots=CommunicableDiseaseNotificationRequirement,HealthCareSummary,ReceivingFacilityStaff",
SDG.ICE.YOUTH_HEALTH_CARE_SUMMARY,Youth Health Care Summary,YOUTH_HEALTH_CARE_SUMMARY,3.20,SDG.ICE,sdg,A youth health care summary is an information content entity that describes a youth health status and is formatted as an established data format. — Class: {YouthHealthCareSummary:Class} EquivalentTo: cco:InformationContentEntity and sdg:describesSituation some {YouthHealthStatus:Class} and sdg:formattedAs some {EstablishedDataFormat:Class},"family=08_derived; slots=YouthHealthCareSummary,YouthHealthStatus,EstablishedDataFormat",
SDG.GENERIC.MENTORSHIP_PROGRAM,Mentorship Program,MENTORSHIP_PROGRAM,0.63,SDG.GENERIC,sdg,A mentorship program is an occurrent that guides experienced mentors and coaches student entrepreneurs. — Class: {MentorshipProgram:Class} EquivalentTo: bfo:0000015 and sdg:guides some {ExperiencedMentor:Class} and sdg:coaches some {StudentEntrepreneur:Class},"family=08_derived; slots=MentorshipProgram,ExperiencedMentor,StudentEntrepreneur",
SDG.GENERIC.STUDENT_ENTREPRENEUR_ROLE,Student Entrepreneur Role,STUDENT_ENTREPRENEUR_ROLE,0.64,SDG.GENERIC,sdg,"A student entrepreneur role is a role that inheres-in exactly one student and realizes in some business initiative. — Class: {StudentEntrepreneurRole:Class} SubClassOf: bfo:0000023, sdg:inheresIn exactly 1 {Student:Class}, sdg:realizesIn some {BusinessInitiative:Class}","family=08_derived; slots=StudentEntrepreneurRole,Student,BusinessInitiative",
SDG.GENERIC.INCUBATION_PROGRAM,Incubation Program,INCUBATION_PROGRAM,0.65,SDG.GENERIC,sdg,An incubation program is an occurrent that participates-in some workspace allocation. — Class: {IncubationProgram:Class} EquivalentTo: bfo:0000015 and bfo:0000057 some {WorkspaceAllocation:Class} and sdg:fostersDevelopment some {StartupVenture:Class},"family=08_derived; slots=IncubationProgram,WorkspaceAllocation,StartupVenture",
SDG.GENERIC.ACADEMIC_CURRICULUM_PROGRAM,Academic Curriculum Program,ACADEMIC_CURRICULUM_PROGRAM,0.66,SDG.GENERIC,sdg,An academic curriculum program is a process that delivers some interdisciplinary education and targets some student talent cultivation. — Class: {AcademicCurriculumProgram:Class} EquivalentTo: bfo:0000015 and sdg:delivers some {InterdisciplinaryEducation:Class} and sdg:targets some {StudentTalentCultivation:Class},"family=08_derived; slots=AcademicCurriculumProgram,InterdisciplinaryEducation,StudentTalentCultivation",
SDG.GENERIC.RETAIL_LEADERSHIP_TEAM_MEMBER,Retail Leadership Team Member,RETAIL_LEADERSHIP_TEAM_MEMBER,0.67,SDG.GENERIC,sdg,A role realized in a corporate employee that realizes a process. — Class: {RetailLeadershipTeamMember:Class} EquivalentTo: bfo:0000023 and bfo:0000052 some {CorporateEmployee:Class} and bfo:0000054 some bfo:0000015,"family=08_derived; slots=RetailLeadershipTeamMember,CorporateEmployee",
SDG.GENERIC.TEAM_ASSESSMENT_EVENT,Team Assessment Event,TEAM_ASSESSMENT_EVENT,0.68,SDG.GENERIC,sdg,A TeamAssessmentEvent is a process that has some AssessmentParticipant and produces some EvaluationOutcome. — Class: {TeamAssessmentEvent:Class} EquivalentTo: bfo:0000015 and sdg:hasParticipant some {AssessmentParticipant:Class} and sdg:producesOutcome some {EvaluationOutcome:Class} and sdg:pursuesPurpose some {TeamEvaluation:Class},"family=08_derived; slots=TeamAssessmentEvent,AssessmentParticipant,EvaluationOutcome,TeamEvaluation",
SDG.ICE.DESCRIPTIVE.ABUSE_INDICATOR,Abuse Indicator,ABUSE_INDICATOR,3.1.6,SDG.ICE.DESCRIPTIVE,sdg,AbuseIndicator is a DescriptiveICE that manifestsAs a PhysicalManifestation. — Class: {AbuseIndicator:Class} EquivalentTo: cco:DescriptiveICE and sdg:manifestsAs some {PhysicalManifestation:Class},"family=08_derived; slots=AbuseIndicator,PhysicalManifestation",
SDG.GENERIC.SAFEGUARDING_REPORT_PROCESS,Safeguarding Report Process,SAFEGUARDING_REPORT_PROCESS,0.69,SDG.GENERIC,sdg,SafeguardingReportProcess is an Occurrent that is executedBy a ChildProtectionTeam and directedTo an ExternalAgency. — Class: {SafeguardingReportProcess:Class} EquivalentTo: bfo:0000015 and sdg:executedBy some {ChildProtectionTeam:Class} and sdg:directedTo some {ExternalAgency:Class},"family=08_derived; slots=SafeguardingReportProcess,ChildProtectionTeam,ExternalAgency",
SDG.GENERIC.LEGAL_SERVICE_ADVERTISER_ROLE,Legal Service Advertiser Role,LEGAL_SERVICE_ADVERTISER_ROLE,0.70,SDG.GENERIC,sdg,"A LegalServiceAdvertiserRole is a BFO Role that inheres_in exactly one LegalProfessional and realizes some LegalAdvertisementActivity. — Class: {LegalServiceAdvertiserRole:Class} SubClassOf: bfo:0000023, sdg:inheresIn exactly 1 {LegalProfessional:Class}, sdg:realizes some {LegalAdvertisementActivity:Class}","family=08_derived; slots=LegalServiceAdvertiserRole,LegalProfessional,LegalAdvertisementActivity",
SDG.GENERIC.DONATION_EVENT,Donation Event,DONATION_EVENT,0.71,SDG.GENERIC,sdg,A DonationEvent is an occurrent that involves a DonorAgent and has a MonetaryAmount. — Class: {DonationEvent:Class} EquivalentTo: bfo:0000015 and sdg:involvesDonor some {DonorAgent:Class} and sdg:hasGiftAmount some {MonetaryAmount:Class},"family=08_derived; slots=DonationEvent,DonorAgent,MonetaryAmount",
SDG.GENERIC.INTERNATIONAL_GROWTH_INITIATIVE,International Growth Initiative,INTERNATIONAL_GROWTH_INITIATIVE,0.72,SDG.GENERIC,sdg,An InternationalGrowthInitiative is a process that targets some GeographicRegion and employs some MarketingPlan. — Class: {InternationalGrowthInitiative:Class} EquivalentTo: bfo:0000015 and sdg:targets_market some {GeographicRegion:Class} and sdg:employs_strategy some {MarketingPlan:Class},"family=08_derived; slots=InternationalGrowthInitiative,GeographicRegion,MarketingPlan",
SDG.GENERIC.PROMOTIONAL_CALENDAR_ORDER,Promotional Calendar Order,PROMOTIONAL_CALENDAR_ORDER,0.73,SDG.GENERIC,sdg,A PromotionalCalendarOrder is a process that involves an OrderConstraint and specifies a CalendarProductSpecification. — Class: {PromotionalCalendarOrder:Class} EquivalentTo: bfo:0000015 and sdg:hasMinimumQuantityConstraint some {OrderConstraint:Class} and sdg:specifiesCalendarProduct some {CalendarProductSpecification:Class},"family=08_derived; slots=PromotionalCalendarOrder,OrderConstraint,CalendarProductSpecification",
SDG.ICE.CLINICAL_PERFORMANCE_DATA_EVALUATION,Clinical Performance Data Evaluation,CLINICAL_PERFORMANCE_DATA_EVALUATION,3.21,SDG.ICE,sdg,A ClinicalPerformanceDataEvaluation is an InformationContentEntity that evaluates some ClinicalSystem and evaluates some IndividualClinician and has a decimal MetricValue. — Class: {ClinicalPerformanceDataEvaluation:Class} EquivalentTo: cco:InformationContentEntity and sdg:evaluatesEntity some {ClinicalSystem:Class} and sdg:evaluatesEntity some {IndividualClinician:Class} and sdg:hasMetricValue some xsd:decimal,"family=08_derived; slots=ClinicalPerformanceDataEvaluation,ClinicalSystem,IndividualClinician",
SDG.ICE.QUALITY_IMPROVEMENT_PRESENTATION,Quality Improvement Presentation,QUALITY_IMPROVEMENT_PRESENTATION,3.22,SDG.ICE,sdg,A QualityImprovementPresentation is an InformationContentEntity that addresses some EvidenceBasedMedicine and formulates some QualityImprovementFramework. — Class: {QualityImprovementPresentation:Class} EquivalentTo: cco:InformationContentEntity and sdg:addressesSituation some {EvidenceBasedMedicine:Class} and sdg:formulatesSituation some {QualityImprovementFramework:Class},"family=08_derived; slots=QualityImprovementPresentation,EvidenceBasedMedicine,QualityImprovementFramework",
SDG.GENERIC.ENERGY_EFFICIENT_APPLIANCE,Energy Efficient Appliance,ENERGY_EFFICIENT_APPLIANCE,0.74,SDG.GENERIC,sdg,An EnergyEfficientAppliance is an independent continuant that has a component that is an EnergySavingComponent. — Class: {EnergyEfficientAppliance:Class} EquivalentTo: bfo:0000004 and sdg:hasComponent some {EnergySavingComponent:Class},"family=08_derived; slots=EnergyEfficientAppliance,EnergySavingComponent",
SDG.GENERIC.ANIMATION_SEQUENCE_CREATION,Animation Sequence Creation,ANIMATION_SEQUENCE_CREATION,0.75,SDG.GENERIC,sdg,An AnimationSequenceCreation is an occurrent that uses a KeyframeTimeline and renders with a RenderingEngine. — Class: {AnimationSequenceCreation:Class} EquivalentTo: bfo:0000015 and sdg:usesTimeline some {KeyframeTimeline:Class} and sdg:rendersWith some {RenderingEngine:Class},"family=08_derived; slots=AnimationSequenceCreation,KeyframeTimeline,RenderingEngine",
SDG.GENERIC.INDEPENDENT_COMMITTEE_INVESTIGATION,Independent Committee Investigation,INDEPENDENT_COMMITTEE_INVESTIGATION,0.76,SDG.GENERIC,sdg,An Independent Committee Investigation is a process that utilizes a Data Collection Process and employs an Analytical Method. — Class: {IndependentCommitteeInvestigation:Class} EquivalentTo: bfo:0000015 and sdg:utilizesDataCollection some {DataCollectionProcess:Class} and sdg:employsAnalyticalMethod some {AnalyticalMethod:Class},"family=08_derived; slots=IndependentCommitteeInvestigation,DataCollectionProcess,AnalyticalMethod",
SDG.GENERIC.DIGITAL_FORENSIC_ANALYSIS,Digital Forensic Analysis,DIGITAL_FORENSIC_ANALYSIS,0.77,SDG.GENERIC,sdg,A Digital Forensic Analysis is a process that participates in a Cyber Security Incident. — Class: {DigitalForensicAnalysis:Class} EquivalentTo: bfo:0000015 and bfo:0000057 some {CyberSecurityIncident:Class},"family=08_derived; slots=DigitalForensicAnalysis,CyberSecurityIncident",
SDG.GENERIC.LEGAL_TECH_SERVICE_PROVISION,Legal Tech Service Provision,LEGAL_TECH_SERVICE_PROVISION,0.78,SDG.GENERIC,sdg,"A LegalTech Service Provision is a role borne by a Service Provider that realizes a LegalTech Solution Lab. — Class: {LegalTechServiceProvision:Class} SubClassOf: bfo:0000023, sdg:borneBy exactly 1 {ServiceProvider:Class}, sdg:realizes some {LegalTechSolutionLab:Class}","family=08_derived; slots=LegalTechServiceProvision,ServiceProvider,LegalTechSolutionLab",
SDG.GENERIC.WAVELENGTH_VARIANT,Wavelength Variant,WAVELENGTH_VARIANT,0.79,SDG.GENERIC,sdg,A WavelengthVariant is a material continuant that is either a 930nmVariant or a 940nmVariant. — Class: {WavelengthVariant:Class} EquivalentTo: ({930nmVariant:Class} or {940nmVariant:Class}),"family=08_derived; slots=WavelengthVariant,930nmVariant,940nmVariant",
SDG.GENERIC.AUTHORIZED_REPRESENTATIVE_ROLE,Authorized Representative Role,AUTHORIZED_REPRESENTATIVE_ROLE,0.80,SDG.GENERIC,sdg,"An AuthorizedRepresentativeRole is a role that inheres_in exactly one FinancialServicesEntity and realizes some AuthorizedEntity. — Class: {AuthorizedRepresentativeRole:Class} SubClassOf: bfo:0000023, sdg:inheres_in exactly 1 {FinancialServicesEntity:Class}, sdg:realizes some {AuthorizedEntity:Class}","family=08_derived; slots=AuthorizedRepresentativeRole,FinancialServicesEntity,AuthorizedEntity",
SDG.GENERIC.FINANCIAL_PRODUCT_ADVICE_SERVICE,Financial Product Advice Service,FINANCIAL_PRODUCT_ADVICE_SERVICE,0.81,SDG.GENERIC,sdg,A FinancialProductAdviceService is an occurrent that targets some FinancialProduct and serves some Client. — Class: {FinancialProductAdviceService:Class} EquivalentTo: bfo:0000015 and sdg:targets some {FinancialProduct:Class} and sdg:serves some {Client:Class},"family=08_derived; slots=FinancialProductAdviceService,FinancialProduct,Client",
SDG.ICE.PRODUCT_DISCLOSURE_STATEMENT,Product Disclosure Statement,PRODUCT_DISCLOSURE_STATEMENT,3.23,SDG.ICE,sdg,A ProductDisclosureStatement is an information content entity that describes some FinancialFund. — Class: {ProductDisclosureStatement:Class} EquivalentTo: cco:InformationContentEntity and sdg:describes some {FinancialFund:Class},"family=08_derived; slots=ProductDisclosureStatement,FinancialFund",
SDG.GENERIC.DEVELOPER_REPRESENTATIVE_ROLE,Developer Representative Role,DEVELOPER_REPRESENTATIVE_ROLE,0.82,SDG.GENERIC,sdg,"A DeveloperRepresentativeRole is an agent role that has exactly one role bearer which is an Agent, and realizes some FinalInspectionProcess. — Class: {DeveloperRepresentativeRole:Class} SubClassOf: bfo:0000023, sdg:hasRoleBearer exactly 1 {Agent:Class}, sdg:realizes some {FinalInspectionProcess:Class}","family=08_derived; slots=DeveloperRepresentativeRole,Agent,FinalInspectionProcess",
SDG.GENERIC.FINAL_CONSTRUCTION_INSPECTION_PROCESS,Final Construction Inspection Process,FINAL_CONSTRUCTION_INSPECTION_PROCESS,0.83,SDG.GENERIC,sdg,A FinalConstructionInspectionProcess is an occurrent that inspects some UtilityInfrastructure and verifies some ComplianceRequirement. — Class: {FinalConstructionInspectionProcess:Class} EquivalentTo: bfo:0000015 and sdg:inspects some {UtilityInfrastructure:Class} and sdg:verifies some {ComplianceRequirement:Class},"family=08_derived; slots=FinalConstructionInspectionProcess,UtilityInfrastructure,ComplianceRequirement",
SDG.ICE.STAGE_5_CHECKLIST,Stage 5 Checklist,STAGE_5_CHECKLIST,3.24,SDG.ICE,sdg,A Stage5Checklist is an information content entity that contains some InspectionChecklistItem. — Class: {Stage5Checklist:Class} SubClassOf: bfo:0000023 and bfo:0000052 some bfo:0000015 and sdg:containsChecklistItem some {InspectionChecklistItem:Class},"family=08_derived; slots=Stage5Checklist,InspectionChecklistItem",
SDG.GENERIC.DEVICE_EXPERT_ROLE,Device Expert Role,DEVICE_EXPERT_ROLE,0.84,SDG.GENERIC,sdg,"A DeviceExpertRole is a role borne by exactly one Person and realizes a DeviceProcurementAdvisoryProcess. — Class: {DeviceExpertRole:Class} SubClassOf: bfo:0000023, sdg:bears exactly 1 {Person:Class}, sdg:realizes some {DeviceProcurementAdvisoryProcess:Class}","family=08_derived; slots=DeviceExpertRole,Person,DeviceProcurementAdvisoryProcess",
SDG.ICE.SUPPLIER_LANDSCAPE_SURVEY,Supplier Landscape Survey,SUPPLIER_LANDSCAPE_SURVEY,3.25,SDG.ICE,sdg,"A SupplierLandscapeSurvey is an information content entity that assesses some Supplier and documents some MarketTrend, and has some market growth index. — Class: {SupplierLandscapeSurvey:Class} EquivalentTo: cco:InformationContentEntity and sdg:assesses some {Supplier:Class} and sdg:documents some {MarketTrend:Class} and sdg:hasMarketGrowthIndex some xsd:decimal","family=08_derived; slots=SupplierLandscapeSurvey,Supplier,MarketTrend",
SDG.GENERIC.ENVIRONMENTAL_PERMITTING_SUPERVISION_ACTIVITY,Environmental Permitting Supervision Activity,ENVIRONMENTAL_PERMITTING_SUPERVISION_ACTIVITY,0.85,SDG.GENERIC,sdg,An EnvironmentalPermittingSupervisionActivity is a process that oversees some PermittingDecision and inspects some ChemicalInstallation. — Class: {EnvironmentalPermittingSupervisionActivity:Class} EquivalentTo: bfo:0000015 and sdg:oversees some {PermittingDecision:Class} and sdg:inspects some {ChemicalInstallation:Class},"family=08_derived; slots=EnvironmentalPermittingSupervisionActivity,PermittingDecision,ChemicalInstallation",
SDG.GENERIC.FINANCIAL_PLANNING_PROCESS,Financial Planning Process,FINANCIAL_PLANNING_PROCESS,0.86,SDG.GENERIC,sdg,A FinancialPlanningProcess is an occurrent that involves some OrganizationalAgent and aims at some FinancialStrategy. — Class: {FinancialPlanningProcess:Class} EquivalentTo: bfo:0000015 and sdg:hasParticipant some {OrganizationalAgent:Class} and sdg:hasObjective some {FinancialStrategy:Class},"family=08_derived; slots=FinancialPlanningProcess,OrganizationalAgent,FinancialStrategy",
SDG.ICE.DESCRIPTIVE.LEADERSHIP_EXPERIENCE_REQUIREMENT,Leadership Experience Requirement,LEADERSHIP_EXPERIENCE_REQUIREMENT,3.1.7,SDG.ICE.DESCRIPTIVE,sdg,A LeadershipExperienceRequirement is a descriptive information entity that specifies exactly one decimal value representing the minimum years of leadership experience. — Class: {LeadershipExperienceRequirement:Class} EquivalentTo: cco:DescriptiveICE and sdg:minYearsOfLeadershipExperience exactly 1 xsd:decimal,family=08_derived; slots=LeadershipExperienceRequirement,
SDG.ICE.FINANCIAL_REPORT_ARTIFACT,Financial Report Artifact,FINANCIAL_REPORT_ARTIFACT,3.26,SDG.ICE,sdg,A FinancialReportArtifact is an information content entity that describes some FinancialStatus and supports some FinancialStrategy. — Class: {FinancialReportArtifact:Class} EquivalentTo: cco:InformationContentEntity and sdg:describes some {FinancialStatus:Class} and sdg:supports some {FinancialStrategy:Class},"family=08_derived; slots=FinancialReportArtifact,FinancialStatus,FinancialStrategy",
SDG.GENERIC.EXECUTIVE_DIRECTOR_ROLE,Executive Director Role,EXECUTIVE_DIRECTOR_ROLE,0.87,SDG.GENERIC,sdg,A role realized in an organization member that realizes a process. — Class: {ExecutiveDirectorRole:Class} EquivalentTo: bfo:0000023 and bfo:0000052 some {OrganizationMember:Class} and bfo:0000054 some bfo:0000015,"family=08_derived; slots=ExecutiveDirectorRole,OrganizationMember",
SDG.GENERIC.VENUE_OPERATIONS_OVERSIGHT,Venue Operations Oversight,VENUE_OPERATIONS_OVERSIGHT,0.88,SDG.GENERIC,sdg,VenueOperationsOversight is a bfo:0000015 that overseesInfrastructure some FacilityInfrastructure and enforcesProtocol some OperationalProtocol. — Class: {VenueOperationsOversight:Class} EquivalentTo: bfo:0000015 and sdg:overseesInfrastructure some {FacilityInfrastructure:Class} and sdg:enforcesProtocol some {OperationalProtocol:Class},"family=08_derived; slots=VenueOperationsOversight,FacilityInfrastructure,OperationalProtocol",
SDG.GENERIC.REGISTERED_MANAGER_ROLE,Registered Manager Role,REGISTERED_MANAGER_ROLE,0.89,SDG.GENERIC,sdg,"A registered manager role is a phase-sortal role that inheres in a person and realizes a service management process. — Class: {RegisteredManagerRole:Class} SubClassOf: bfo:0000023, sdg:realizesServiceManagement exactly 1 {Person:Class}, sdg:inheresInPerson some {ServiceManagementProcess:Class}","family=08_derived; slots=RegisteredManagerRole,Person,ServiceManagementProcess",
SDG.GENERIC.WEIGHT_REDUCTION_SERVICE_EXECUTION,Weight Reduction Service Execution,WEIGHT_REDUCTION_SERVICE_EXECUTION,0.90,SDG.GENERIC,sdg,A weight reduction service execution is a process that involves a patient and delivers dietary advice. — Class: {WeightReductionServiceExecution:Class} EquivalentTo: bfo:0000015 and sdg:involvesPatient some {Patient:Class} and sdg:deliversDietaryAdvice some {DietaryAdvice:Class},"family=08_derived; slots=WeightReductionServiceExecution,Patient,DietaryAdvice",
SDG.GENERIC.CLINICAL_EFFICACY_MONITORING_SYSTEM,Clinical Efficacy Monitoring System,CLINICAL_EFFICACY_MONITORING_SYSTEM,0.91,SDG.GENERIC,sdg,A clinical efficacy monitoring system is a material entity that realizes a monitoring protocol and abstracts a service performance metric. — Class: {ClinicalEfficacyMonitoringSystem:Class} EquivalentTo: bfo:0000004 and sdg:realizesMonitoringProtocol some {MonitoringProtocol:Class} and sdg:abstractionOfServicePerformanceMetric some {ServicePerformanceMetric:Class},"family=08_derived; slots=ClinicalEfficacyMonitoringSystem,MonitoringProtocol,ServicePerformanceMetric",
SDG.ICE.PATIENT_FEEDBACK_RECORD,Patient Feedback Record,PATIENT_FEEDBACK_RECORD,3.27,SDG.ICE,sdg,A patient feedback record is an information content entity that describes a care quality assessment and reflects a service experience situation. — Class: {PatientFeedbackRecord:Class} EquivalentTo: cco:InformationContentEntity and sdg:describesCareQualityAssessment some {CareQualityAssessment:Class} and sdg:reflectsServiceExperienceSituation some {ServiceExperienceSituation:Class},"family=08_derived; slots=PatientFeedbackRecord,CareQualityAssessment,ServiceExperienceSituation",
SDG.GENERIC.YOUNG_PHYSICIAN_AMBASSADOR_ROLE,Young Physician Ambassador Role,YOUNG_PHYSICIAN_AMBASSADOR_ROLE,0.92,SDG.GENERIC,sdg,"A YoungPhysicianAmbassadorRole is a Role that inheres_in exactly one PhysicianMember and realizes some OrganizationalLeadershipRole. — Class: {YoungPhysicianAmbassadorRole:Class} SubClassOf: bfo:0000023, sdg:inheres_in exactly 1 {PhysicianMember:Class}, sdg:realizes some {OrganizationalLeadershipRole:Class}","family=08_derived; slots=YoungPhysicianAmbassadorRole,PhysicianMember,OrganizationalLeadershipRole",
SDG.GENERIC.YOUNG_PHYSICIAN_ELIGIBILITY_CONSTRAINT,Young Physician Eligibility Constraint,YOUNG_PHYSICIAN_ELIGIBILITY_CONSTRAINT,0.93,SDG.GENERIC,sdg,A YoungPhysicianEligibilityConstraint is a DescriptiveICE that has_max_age_years some decimal and has_max_practice_years some decimal. — Class: {YoungPhysicianEligibilityConstraint:Class} EquivalentTo: cco:DescriptiveICE and sdg:has_max_age_years some xsd:decimal and sdg:has_max_practice_years some xsd:decimal,family=08_derived; slots=YoungPhysicianEligibilityConstraint,
SDG.GENERIC.CME_SEMINAR,Cme Seminar,CME_SEMINAR,0.94,SDG.GENERIC,sdg,A CMESeminar is an Occurrent that has_topic_focus some PracticeManagementTopic and has_educational_goal some ProfessionalDevelopmentGoal. — Class: {CMESeminar:Class} EquivalentTo: bfo:0000015 and sdg:has_topic_focus some {PracticeManagementTopic:Class} and sdg:has_educational_goal some {ProfessionalDevelopmentGoal:Class},"family=08_derived; slots=CMESeminar,PracticeManagementTopic,ProfessionalDevelopmentGoal",
SDG.GENERIC.FINANCIAL_CRISIS_EVENT,Financial Crisis Event,FINANCIAL_CRISIS_EVENT,0.95,SDG.GENERIC,sdg,A FinancialCrisisEvent is a process that has some EconomicCondition and occurs in some TimePeriod. — Class: {FinancialCrisisEvent:Class} EquivalentTo: bfo:0000015 and sdg:hasContributingFactor some {EconomicCondition:Class} and sdg:occursInTemporalPhase some {TimePeriod:Class} and sdg:involvesSystemicDisruption some {FinancialSystemDisruption:Class},"family=08_derived; slots=FinancialCrisisEvent,EconomicCondition,TimePeriod,FinancialSystemDisruption",
SDG.GENERIC.SOCIAL_TAGGING_PROCESS,Social Tagging Process,SOCIAL_TAGGING_PROCESS,0.96,SDG.GENERIC,sdg,A SocialTaggingProcess is a BFO process that appliesTo some InformationItem and generates some SocialTag. — Class: {SocialTaggingProcess:Class} EquivalentTo: bfo:0000015 and sdg:appliesTo some {InformationItem:Class} and sdg:generates some {SocialTag:Class},"family=08_derived; slots=SocialTaggingProcess,InformationItem,SocialTag",
SDG.GENERIC.ARCTIC_EXPEDITION,Arctic Expedition,ARCTIC_EXPEDITION,0.97,SDG.GENERIC,sdg,An ArcticExpedition is a process that involves at least one ExpeditionParticipant and utilizes at least one ExpeditionEquipment. — Class: {ArcticExpedition:Class} EquivalentTo: bfo:0000015 and sdg:hasParticipant some {ExpeditionParticipant:Class} and sdg:usesEquipment some {ExpeditionEquipment:Class} and sdg:spatiallyConstrainedTo some {ArcticRegion:Class},"family=08_derived; slots=ArcticExpedition,ExpeditionParticipant,ExpeditionEquipment,ArcticRegion",
SDG.ICE.DIRECTIVE.VARIATION_MARGIN_RULE_SET,Variation Margin Rule Set,VARIATION_MARGIN_RULE_SET,3.2.5,SDG.ICE.DIRECTIVE,sdg,A VariationMarginRuleSet is a directive ICE that mandates a CollateralExchangeProcess and is verifiedBy a ComplianceAudit. — Class: {VariationMarginRuleSet:Class} EquivalentTo: cco:DirectiveICE and sdg:mandates some {CollateralExchangeProcess:Class} and sdg:verifiedBy some {ComplianceAudit:Class},"family=08_derived; slots=VariationMarginRuleSet,CollateralExchangeProcess,ComplianceAudit",
SDG.GENERIC.RECOGNITION_MANAGER_ROLE,Recognition Manager Role,RECOGNITION_MANAGER_ROLE,0.98,SDG.GENERIC,sdg,A role realized in a regulatory authority that realizes a process. — Class: {RecognitionManagerRole:Class} EquivalentTo: bfo:0000023 and bfo:0000052 some {RegulatoryAuthority:Class} and bfo:0000054 some bfo:0000015,"family=08_derived; slots=RecognitionManagerRole,RegulatoryAuthority",
SDG.ICE.DESCRIPTIVE.SMALL_GROUP_SURCHARGE_RULE,Small Group Surcharge Rule,SMALL_GROUP_SURCHARGE_RULE,3.1.8,SDG.ICE.DESCRIPTIVE,sdg,A small group surcharge rule is a pricing constraint defined by a GroupSizeThreshold and a SurchargeAmount. — Class: {SmallGroupSurchargeRule:Class} EquivalentTo: cco:DescriptiveICE and sdg:groupSizeThreshold some xsd:decimal and sdg:surchargeAmount some xsd:decimal,family=08_derived; slots=SmallGroupSurchargeRule,
SDG.ICE.DESCRIPTIVE.SERVICE_CHARGE_RATE,Service Charge Rate,SERVICE_CHARGE_RATE,3.1.9,SDG.ICE.DESCRIPTIVE,sdg,A service charge rate is a descriptive metric defined by exactly one PercentageValue. — Class: {ServiceChargeRate:Class} EquivalentTo: cco:DescriptiveICE and sdg:percentageValue exactly 1 xsd:decimal,family=08_derived; slots=ServiceChargeRate,
SDG.GENERIC.EMPLOYEE_FEEDBACK_SURVEY,Employee Feedback Survey,EMPLOYEE_FEEDBACK_SURVEY,0.99,SDG.GENERIC,sdg,An EmployeeFeedbackSurvey is a process that measures a WorkplaceCultureDimension and assesses an OrganizationalHealthMetric. — Class: {EmployeeFeedbackSurvey:Class} EquivalentTo: bfo:0000015 and sdg:measuresDimension some {WorkplaceCultureDimension:Class} and sdg:assessesHealthAspect some {OrganizationalHealthMetric:Class},"family=08_derived; slots=EmployeeFeedbackSurvey,WorkplaceCultureDimension,OrganizationalHealthMetric",
SDG.ICE.DESCRIPTIVE.WORKPLACE_CULTURE_DIMENSION,Workplace Culture Dimension,WORKPLACE_CULTURE_DIMENSION,3.1.10,SDG.ICE.DESCRIPTIVE,sdg,A WorkplaceCultureDimension is a descriptive information entity that categorizes a CulturalAttribute. — Class: {WorkplaceCultureDimension:Class} EquivalentTo: cco:DescriptiveICE and sdg:categorizesAttribute some {CulturalAttribute:Class},"family=08_derived; slots=WorkplaceCultureDimension,CulturalAttribute",
SDG.ICE.DIRECTIVE.TOP_WORKPLACE_AWARD,Top Workplace Award,TOP_WORKPLACE_AWARD,3.2.6,SDG.ICE.DIRECTIVE,sdg,A TopWorkplaceAward is a directive information entity granted by a RecognizingOrganization and verifies HealthStandardCompliance. — Class: {TopWorkplaceAward:Class} EquivalentTo: cco:DirectiveICE and sdg:grantedBy some {RecognizingOrganization:Class} and sdg:verifiesCompliance some {HealthStandardCompliance:Class},"family=08_derived; slots=TopWorkplaceAward,RecognizingOrganization,HealthStandardCompliance",
SDG.GENERIC.B_CORPORATION_MEMBER,B Corporation Member,B_CORPORATION_MEMBER,0.100,SDG.GENERIC,sdg,A role realized in a business entity that realizes a process. — Class: {BCorporationMember:Class} EquivalentTo: bfo:0000023 and bfo:0000052 some {BusinessEntity:Class} and bfo:0000054 some bfo:0000015,"family=08_derived; slots=BCorporationMember,BusinessEntity",
SDG.GENERIC.TRADITIONAL_RELIGIOUS_HEALER_ROLE,Traditional Religious Healer Role,TRADITIONAL_RELIGIOUS_HEALER_ROLE,0.101,SDG.GENERIC,sdg,"A TraditionalReligiousHealerRole is a BFO role that is borne by exactly one HumanAgent and realizes a HealerFunction. — Class: {TraditionalReligiousHealerRole:Class} SubClassOf: bfo:0000023, sdg:bearsRoleOn exactly 1 {HumanAgent:Class}, sdg:realizes some {HealerFunction:Class}","family=08_derived; slots=TraditionalReligiousHealerRole,HumanAgent,HealerFunction",
SDG.GENERIC.RITUAL_ACT_TO_RESTORE_ORDER,Ritual Act To Restore Order,RITUAL_ACT_TO_RESTORE_ORDER,0.102,SDG.GENERIC,sdg,A RitualActToRestoreOrder is a BFO process that involves at least one SacredArtifact and aims for a SocialHarmonyRestoration state. — Class: {RitualActToRestoreOrder:Class} EquivalentTo: bfo:0000015 and sdg:involvesArtifact some {SacredArtifact:Class} and sdg:aimsForState some {SocialHarmonyRestoration:Class},"family=08_derived; slots=RitualActToRestoreOrder,SacredArtifact,SocialHarmonyRestoration",
SDG.GENERIC.ANCESTOR_VENERATION_CEREMONY,Ancestor Veneration Ceremony,ANCESTOR_VENERATION_CEREMONY,0.103,SDG.GENERIC,sdg,"An AncestorVenerationCeremony is a BFO process that participates in an AncestralSpiritCommunity. — Class: {AncestorVenerationCeremony:Class} EquivalentTo: bfo:0000015, bfo:0000057 some {AncestralSpiritCommunity:Class}","family=08_derived; slots=AncestorVenerationCeremony,AncestralSpiritCommunity",
SDG.GENERIC.DISABLED_ADULT_PARENT_ROLE,Disabled Adult Parent Role,DISABLED_ADULT_PARENT_ROLE,0.104,SDG.GENERIC,sdg,"A DisabledAdultParentRole is a role that is borne by exactly one Adult and realizes a ParentingFunction. — Class: {DisabledAdultParentRole:Class} SubClassOf: bfo:0000023, sdg:bears exactly 1 {Adult:Class}, sdg:realizes some {ParentingFunction:Class}","family=08_derived; slots=DisabledAdultParentRole,Adult,ParentingFunction",
SDG.GENERIC.MUNICIPAL_SWIMMING_POOL_ASSISTANT_MANAGER,Municipal Swimming Pool Assistant Manager,MUNICIPAL_SWIMMING_POOL_ASSISTANT_MANAGER,0.105,SDG.GENERIC,sdg,"A MunicipalSwimmingPoolAssistantManager is a role that inheres_in exactly one HumanAgent and realizes some MunicipalPoolOperationsManagementActivity. — Class: {MunicipalSwimmingPoolAssistantManager:Class} SubClassOf: bfo:0000023, sdg:inheresIn exactly 1 {HumanAgent:Class}, sdg:realizes some {MunicipalPoolOperationsManagementActivity:Class}","family=08_derived; slots=MunicipalSwimmingPoolAssistantManager,HumanAgent,MunicipalPoolOperationsManagementActivity",
SDG.GENERIC.MUNICIPAL_POOL_OPERATIONS_MANAGEMENT_ACTIVITY,Municipal Pool Operations Management Activity,MUNICIPAL_POOL_OPERATIONS_MANAGEMENT_ACTIVITY,0.106,SDG.GENERIC,sdg,"A MunicipalPoolOperationsManagementActivity is a process that involves_participant some LifeguardStaff and involves_object some MunicipalPoolFacility. — Class: {MunicipalPoolOperationsManagementActivity:Class} EquivalentTo: bfo:0000015, sdg:involvesParticipant some {LifeguardStaff:Class}, sdg:involvesObject some {MunicipalPoolFacility:Class}","family=08_derived; slots=MunicipalPoolOperationsManagementActivity,LifeguardStaff,MunicipalPoolFacility",
SDG.GENERIC.WATER_QUALITY_MONITORING_ACTIVITY,Water Quality Monitoring Activity,WATER_QUALITY_MONITORING_ACTIVITY,0.107,SDG.GENERIC,sdg,"A WaterQualityMonitoringActivity is a process that uses_standard some DepartmentOfHealthStandard and measures some PoolWaterQualityParameter. — Class: {WaterQualityMonitoringActivity:Class} EquivalentTo: bfo:0000015, sdg:usesStandard some {DepartmentOfHealthStandard:Class}, sdg:measures some {PoolWaterQualityParameter:Class}","family=08_derived; slots=WaterQualityMonitoringActivity,DepartmentOfHealthStandard,PoolWaterQualityParameter",
SDG.ICE.DESCRIPTIVE.THERMAL_OPERATING_RANGE_CONSTRAINT,Thermal Operating Range Constraint,THERMAL_OPERATING_RANGE_CONSTRAINT,3.1.11,SDG.ICE.DESCRIPTIVE,sdg,"A ThermalOperatingRangeConstraint is a descriptive information entity specifying a lower and upper temperature limit for safe operation. — Class: {ThermalOperatingRangeConstraint:Class} EquivalentTo: cco:DescriptiveICE, sdg:hasLowerTemperatureLimit some xsd:decimal, sdg:hasUpperTemperatureLimit some xsd:decimal",family=08_derived; slots=ThermalOperatingRangeConstraint,
SDG.GENERIC.ATTENDANCE_TRACKING_PROCESS,Attendance Tracking Process,ATTENDANCE_TRACKING_PROCESS,0.108,SDG.GENERIC,sdg,"An AttendanceTrackingProcess is a process that participates in some StudentEntity. — Class: {AttendanceTrackingProcess:Class} EquivalentTo: bfo:0000015, bfo:0000057 some {StudentEntity:Class}, sdg:hasOutput some {AttendanceRecord:Class}","family=08_derived; slots=AttendanceTrackingProcess,StudentEntity,AttendanceRecord",
SDG.ICE.EDUCATIONAL_COURSE,Educational Course,EDUCATIONAL_COURSE,3.28,SDG.ICE,sdg,"An EducationalCourse is an InformationContentEntity that has at least one AssessmentStandard. — Class: {EducationalCourse:Class} EquivalentTo: cco:InformationContentEntity, sdg:hasCourseStandard some {AssessmentStandard:Class}, sdg:hasParticipant some {StudentEntity:Class}","family=08_derived; slots=EducationalCourse,AssessmentStandard,StudentEntity",
SDG.ICE.DESCRIPTIVE.ASSESSMENT_STANDARD,Assessment Standard,ASSESSMENT_STANDARD,3.1.12,SDG.ICE.DESCRIPTIVE,sdg,"An AssessmentStandard is a DescriptiveICE that has at least one AssessmentMethod. — Class: {AssessmentStandard:Class} EquivalentTo: cco:DescriptiveICE, sdg:hasAssessmentMethod some {AssessmentMethod:Class}","family=08_derived; slots=AssessmentStandard,AssessmentMethod",
SDG.GENERIC.INTELLIGENCE_ANALYSIS_PROCESS,Intelligence Analysis Process,INTELLIGENCE_ANALYSIS_PROCESS,0.109,SDG.GENERIC,sdg,"An IntelligenceAnalysisProcess is a process that has some ThreatInformation as input and has some LawEnforcementPersonnel as output. — Class: {IntelligenceAnalysisProcess:Class} EquivalentTo: bfo:0000015, sdg:hasInput some {ThreatInformation:Class}, sdg:hasOutput some {LawEnforcementPersonnel:Class}","family=08_derived; slots=IntelligenceAnalysisProcess,ThreatInformation,LawEnforcementPersonnel",
SDG.GENERIC.FACULTY_MEMBER_ROLE,Faculty Member Role,FACULTY_MEMBER_ROLE,0.110,SDG.GENERIC,sdg,"An AcademicRole is a role borne by exactly one Person that realizes some AcademicActivity. — Class: {AcademicRole:Class} SubClassOf: bfo:0000023, sdg:bearsRole exactly 1 {Person:Class}, sdg:realizes some {AcademicActivity:Class}","family=08_derived; slots=AcademicRole,Person,AcademicActivity",
SDG.GENERIC.STUDENT_CONDUCT_ADMINISTRATOR_ROLE,Student Conduct Administrator Role,STUDENT_CONDUCT_ADMINISTRATOR_ROLE,0.111,SDG.GENERIC,sdg,"An AdministrativeRole is a role borne by exactly one Person that realizes some AdministrativeActivity. — Class: {AdministrativeRole:Class} SubClassOf: bfo:0000023, sdg:bearsRole exactly 1 {Person:Class}, sdg:realizes some {AdministrativeActivity:Class}","family=08_derived; slots=AdministrativeRole,Person,AdministrativeActivity",
SDG.GENERIC.EXECUTIVE_OFFICER_ROLE,Executive Officer Role,EXECUTIVE_OFFICER_ROLE,0.112,SDG.GENERIC,sdg,"An ExecutiveOfficerRole is a role borne by exactly one CorporateAgent that realizes an ExecutiveExecutionFunction. — Class: {ExecutiveOfficerRole:Class} SubClassOf: bfo:0000023, bfo:0000052 some {CorporateAgent:Class}, bfo:0000054 some {ExecutiveExecutionFunction:Class}","family=08_derived; slots=ExecutiveOfficerRole,CorporateAgent,ExecutiveExecutionFunction",
SDG.GENERIC.BOARD_OF_AUDITORS_ROLE,Board Of Auditors Role,BOARD_OF_AUDITORS_ROLE,0.113,SDG.GENERIC,sdg,A role realized in a corporate agent that realizes a process. — Class: {BoardOfAuditorsRole:Class} EquivalentTo: bfo:0000023 and bfo:0000052 some {CorporateAgent:Class} and bfo:0000054 some bfo:0000015,"family=08_derived; slots=BoardOfAuditorsRole,CorporateAgent",
SDG.GENERIC.MANAGEMENT_MEETING_PROCESS,Management Meeting Process,MANAGEMENT_MEETING_PROCESS,0.114,SDG.GENERIC,sdg,"A ManagementMeetingProcess is an occurrent that involves CorporateAgents and produces BusinessDecisions. — Class: {ManagementMeetingProcess:Class} EquivalentTo: bfo:0000015, sdg:hasParticipant some {CorporateAgent:Class}, sdg:hasOutput some {BusinessDecision:Class}","family=08_derived; slots=ManagementMeetingProcess,CorporateAgent,BusinessDecision",
SDG.GENERIC.INTERNAL_AUDITING_DIVISION,Internal Auditing Division,INTERNAL_AUDITING_DIVISION,0.115,SDG.GENERIC,sdg,"An InternalAuditingDivision is a material entity that has a CertifiedInternalAuditor as a direct part. — Class: {InternalAuditingDivision:Class} EquivalentTo: bfo:0000004, sdg:hasDirectPart some {CertifiedInternalAuditor:Class}, sdg:hasFunction some {InternalAuditingFunction:Class}","family=08_derived; slots=InternalAuditingDivision,CertifiedInternalAuditor,InternalAuditingFunction",
SDG.ICE.FINE_ASSESSMENT_EVENT,Fine Assessment Event,FINE_ASSESSMENT_EVENT,3.29,SDG.ICE,sdg,"A FineAssessmentEvent is an InformationContentEntity that assessesOwner some PropertyOwner, addressesViolation some PolicyViolation, and has assessmentAmount some xsd:decimal. — Class: {FineAssessmentEvent:Class} EquivalentTo: cco:InformationContentEntity and sdg:assessesOwner some {PropertyOwner:Class} and sdg:addressesViolation some {PolicyViolation:Class} and sdg:assessmentAmount some xsd:decimal","family=08_derived; slots=FineAssessmentEvent,PropertyOwner,PolicyViolation",
SDG.ICE.INSPECTION_REPORT,Inspection Report,INSPECTION_REPORT,3.30,SDG.ICE,sdg,An inspection report is an information content entity that documents some InspectionEvent. — Class: {InspectionReport:Class} EquivalentTo: cco:InformationContentEntity and sdg:documents some {InspectionEvent:Class},"family=08_derived; slots=InspectionReport,InspectionEvent",
SDG.GENERIC.SECRETARY_ROLE,Secretary Role,SECRETARY_ROLE,0.116,SDG.GENERIC,sdg,"A role realized in a state government that realizes a process, with specific organizational affiliation. — Class: {SecretaryRole:Class} EquivalentTo: bfo:0000023 and bfo:0000052 some {StateGovernment:Class} and bfo:0000054 some bfo:0000015 and sdg:hasOrganizationalAffiliation exactly 1 {StateGovernment:Class} and sdg:realizesFunction some {LegislativeDepartment:Class}","family=08_derived; slots=SecretaryRole,StateGovernment,LegislativeDepartment",
SDG.GENERIC.EMERGENCY_SUPPLIES_KIT,Emergency Supplies Kit,EMERGENCY_SUPPLIES_KIT,0.117,SDG.GENERIC,sdg,An EmergencySuppliesKit is an artifact that contains a DisasterSupplyItem. — Class: {EmergencySuppliesKit:Class} EquivalentTo: bfo:0000004 and sdg:contains_item some {DisasterSupplyItem:Class} and sdg:assembledForPurpose some {EmergencyResponse:Class},"family=08_derived; slots=EmergencySuppliesKit,DisasterSupplyItem,EmergencyResponse",
SDG.ICE.EVACUATION_INSTRUCTION,Evacuation Instruction,EVACUATION_INSTRUCTION,3.31,SDG.ICE,sdg,An EvacuationInstruction is an information content entity that describes a HazardEvent and is issued by a LocalAuthority. — Class: {EvacuationInstruction:Class} EquivalentTo: cco:InformationContentEntity and sdg:describes_hazard some {HazardEvent:Class} and sdg:issued_by some {LocalAuthority:Class},"family=08_derived; slots=EvacuationInstruction,HazardEvent,LocalAuthority",
SDG.GENERIC.RESEARCH_MANAGEMENT_ACTIVITY,Research Management Activity,RESEARCH_MANAGEMENT_ACTIVITY,0.118,SDG.GENERIC,sdg,A ResearchManagementActivity is an occurrent that involves a ResearchProject and an AcademicAgent. — Class: {ResearchManagementActivity:Class} EquivalentTo: bfo:0000015 and sdg:involvesResearchProject some {ResearchProject:Class} and sdg:involvesAcademicAgent some {AcademicAgent:Class} and sdg:coordinates some {ResearchProject:Class},"family=08_derived; slots=ResearchManagementActivity,ResearchProject,AcademicAgent",
SDG.GENERIC.DDOS_MITIGATION_PROCESS,Ddos Mitigation Process,DDOS_MITIGATION_PROCESS,0.119,SDG.GENERIC,sdg,A DdosMitigationProcess is a Process that hasTriggeringAttack some DdosAttackEvent and hasProtectedInfrastructure some NetworkInfrastructure. — Class: {DdosMitigationProcess:Class} EquivalentTo: bfo:0000015 and sdg:hasTriggeringAttack some {DdosAttackEvent:Class} and sdg:hasProtectedInfrastructure some {NetworkInfrastructure:Class} and sdg:mitigates some {DdosAttackEvent:Class},"family=08_derived; slots=DdosMitigationProcess,DdosAttackEvent,NetworkInfrastructure",
SDG.GENERIC.CLEAN_TRAFFIC_REDIRECTION,Clean Traffic Redirection,CLEAN_TRAFFIC_REDIRECTION,0.120,SDG.GENERIC,sdg,A CleanTrafficRedirection is a Process that originatesFrom some NetworkScrubbingCenter and deliversTo some CustomerNetwork and bfo:0000057 some ScrubbingActivity. — Class: {CleanTrafficRedirection:Class} EquivalentTo: bfo:0000015 and sdg:originatesFrom some {NetworkScrubbingCenter:Class} and sdg:deliversTo some {CustomerNetwork:Class} and bfo:0000057 some {ScrubbingActivity:Class},"family=08_derived; slots=CleanTrafficRedirection,NetworkScrubbingCenter,CustomerNetwork,ScrubbingActivity",
SDG.GENERIC.ENTREPRENEUR_ROLE,Entrepreneur Role,ENTREPRENEUR_ROLE,0.121,SDG.GENERIC,sdg,"An EntrepreneurRole is a phase-sortal role that inheres_in exactly one IndependentEconomicAgent and realizes a BusinessActivityProcess. — Class: {EntrepreneurRole:Class} SubClassOf: bfo:0000023, sdg:inheresIn exactly 1 {IndependentEconomicAgent:Class}, sdg:realizes some {BusinessActivityProcess:Class}","family=08_derived; slots=EntrepreneurRole,IndependentEconomicAgent,BusinessActivityProcess",
SDG.ICE.BUSINESS_PLAN,Business Plan,BUSINESS_PLAN,3.32,SDG.ICE,sdg,A BusinessPlan is an InformationContentEntity that describes a FutureBusinessScenario and targets an InvestorFundingSituation. — Class: {BusinessPlan:Class} EquivalentTo: cco:InformationContentEntity and sdg:describes some {FutureBusinessScenario:Class} and sdg:targets some {InvestorFundingSituation:Class},"family=08_derived; slots=BusinessPlan,FutureBusinessScenario,InvestorFundingSituation",
SDG.GENERIC.ENTREPRENEURIAL_ACTIVITY_PROCESS,Entrepreneurial Activity Process,ENTREPRENEURIAL_ACTIVITY_PROCESS,0.122,SDG.GENERIC,sdg,An EntrepreneurialActivityProcess is a Process that produces EconomicGoodsAndServices and targets MarketDemand. — Class: {EntrepreneurialActivityProcess:Class} EquivalentTo: bfo:0000015 and sdg:produces some {EconomicGoodsAndServices:Class} and sdg:targets some {MarketDemand:Class},"family=08_derived; slots=EntrepreneurialActivityProcess,EconomicGoodsAndServices,MarketDemand",
SDG.ICE.INTERNAL_AUDIT_STRATEGY,Internal Audit Strategy,INTERNAL_AUDIT_STRATEGY,3.33,SDG.ICE,sdg,An InternalAuditStrategy is an information content entity that targets an AuditObjective. — Class: {InternalAuditStrategy:Class} EquivalentTo: cco:InformationContentEntity and sdg:targetsObjective some {AuditObjective:Class} and sdg:specifiesMethodology some {AuditMethodology:Class},"family=08_derived; slots=InternalAuditStrategy,AuditObjective,AuditMethodology",
SDG.GENERIC.JOINT_BOARD_CHAIR_ROLE,Joint Board Chair Role,JOINT_BOARD_CHAIR_ROLE,0.123,SDG.GENERIC,sdg,"A JointBoardChairRole is a bfo:0000023 that designates exactly 1 IndependentContinuantAgent and realizes some GovernanceFunction. — Class: {JointBoardChairRole:Class} SubClassOf: bfo:0000023, sdg:designates exactly 1 {IndependentContinuantAgent:Class}, sdg:realizes some {GovernanceFunction:Class}","family=08_derived; slots=JointBoardChairRole,IndependentContinuantAgent,GovernanceFunction",
SDG.GENERIC.INFORMATION_SERVICE,Information Service,INFORMATION_SERVICE,0.124,SDG.GENERIC,sdg,An InformationService is a bfo:0000015 that deliversFunctionality some InformationCapability and implementsVia some StandardWebTechnology. — Class: {InformationService:Class} EquivalentTo: bfo:0000015 and sdg:deliversFunctionality some {InformationCapability:Class} and sdg:implementsVia some {StandardWebTechnology:Class},"family=08_derived; slots=InformationService,InformationCapability,StandardWebTechnology",
SDG.GENERIC.JOINT_INFORMATION_ENVIRONMENT,Joint Information Environment,JOINT_INFORMATION_ENVIRONMENT,0.125,SDG.GENERIC,sdg,A JointInformationEnvironment is a bfo:0000004 that isPartOf some SecureInfrastructureService. — Class: {JointInformationEnvironment:Class} SubClassOf: bfo:0000004,family=08_derived; slots=JointInformationEnvironment,
SDG.GENERIC.CALL_ADMISSION_CONTROL,Call Admission Control,CALL_ADMISSION_CONTROL,0.126,SDG.GENERIC,sdg,A CallAdmissionControl is a process that evaluates a ServiceRequest and produces an AdmissionDecision. — Class: {CallAdmissionControl:Class} EquivalentTo: bfo:0000015 and sdg:evaluatesRequest some {ServiceRequest:Class} and sdg:producesDecision some {AdmissionDecision:Class},"family=08_derived; slots=CallAdmissionControl,ServiceRequest,AdmissionDecision",
SDG.ICE.SERVICE_LEVEL_AGREEMENT,Service Level Agreement,SERVICE_LEVEL_AGREEMENT,3.34,SDG.ICE,sdg,A ServiceLevelAgreement is an information content entity that binds a NetworkProvider and specifies a QoSConstraint. — Class: {ServiceLevelAgreement:Class} EquivalentTo: sdg:bindsProvider some {NetworkProvider:Class} and sdg:specifiesConstraint some {QoSConstraint:Class},"family=08_derived; slots=ServiceLevelAgreement,NetworkProvider,QoSConstraint",
SDG.ICE.DESCRIPTIVE.NETWORK_RESOURCE_MAPPING,Network Resource Mapping,NETWORK_RESOURCE_MAPPING,3.1.13,SDG.ICE.DESCRIPTIVE,sdg,A NetworkResourceMapping is a descriptive information content entity that maps exactly one NetworkResource and exactly one TrafficPath. — Class: {NetworkResourceMapping:Class} EquivalentTo: cco:DescriptiveICE and sdg:mapsSource exactly 1 {NetworkResource:Class} and sdg:mapsTarget exactly 1 {TrafficPath:Class},"family=08_derived; slots=NetworkResourceMapping,NetworkResource,TrafficPath",
SDG.GENERIC.PETITIONER_ROLE,Petitioner Role,PETITIONER_ROLE,0.127,SDG.GENERIC,sdg,"A PetitionerRole is a BFO role that is borne by exactly one Person and realizes the AdultAdoptionProcess. — Class: {PetitionerRole:Class} SubClassOf: bfo:0000023, bfo:0000052 some {Person:Class}, bfo:0000054 some {AdultAdoptionProcess:Class}, sdg:hasBearer exactly 1 {Person:Class}, sdg:realizesRole some {AdultAdoptionProcess:Class}","family=08_derived; slots=PetitionerRole,Person,AdultAdoptionProcess",
SDG.GENERIC.ADULT_ADOPTION_PROCESS,Adult Adoption Process,ADULT_ADOPTION_PROCESS,0.128,SDG.GENERIC,sdg,An AdultAdoptionProcess is a BFO process that involves a PetitionerRole and an AdopteeRole. — Class: {AdultAdoptionProcess:Class} EquivalentTo: bfo:0000015 and sdg:involvesParticipant some {PetitionerRole:Class} and sdg:involvesParticipant some {AdopteeRole:Class},"family=08_derived; slots=AdultAdoptionProcess,PetitionerRole,AdopteeRole",
SDG.ICE.ADOPTION_APPLICATION_FORM,Adoption Application Form,ADOPTION_APPLICATION_FORM,3.35,SDG.ICE,sdg,"An AdoptionApplicationForm is an ICE that documents an AdultAdoptionProcess, documents a PetitionerRole, and has a formVersion decimal. — Class: {AdoptionApplicationForm:Class} EquivalentTo: cco:InformationContentEntity and sdg:documentsProcess some {AdultAdoptionProcess:Class} and sdg:documentsParticipant some {PetitionerRole:Class} and sdg:formVersion some xsd:decimal","family=08_derived; slots=AdoptionApplicationForm,AdultAdoptionProcess,PetitionerRole",
SDG.GENERIC.HEALTHCARE_ANALYTICS_PROCESS,Healthcare Analytics Process,HEALTHCARE_ANALYTICS_PROCESS,0.129,SDG.GENERIC,sdg,A HealthcareAnalyticsProcess is a process that processesInput some DataInput and producesOutput some IntelligenceOutput. — Class: {HealthcareAnalyticsProcess:Class} EquivalentTo: bfo:0000015 and sdg:processesInput some {DataInput:Class} and sdg:producesOutput some {IntelligenceOutput:Class},"family=08_derived; slots=HealthcareAnalyticsProcess,DataInput,IntelligenceOutput",
SDG.ICE.CLINICAL_INTELLIGENCE_ARTIFACT,Clinical Intelligence Artifact,CLINICAL_INTELLIGENCE_ARTIFACT,3.36,SDG.ICE,sdg,A ClinicalIntelligenceArtifact is an information content entity that implementsMethod some AnalyticMethod. — Class: {ClinicalIntelligenceArtifact:Class} EquivalentTo: cco:InformationContentEntity and sdg:implementsMethod some {AnalyticMethod:Class},"family=08_derived; slots=ClinicalIntelligenceArtifact,AnalyticMethod",
SDG.GENERIC.PERFORMANCE_BASED_CARE_PROVIDER_ROLE,Performance Based Care Provider Role,PERFORMANCE_BASED_CARE_PROVIDER_ROLE,0.130,SDG.GENERIC,sdg,"A PerformanceBasedCareProviderRole is a role realized by a HealthcareOrganization exactly once and realizesFor some PatientPopulation. — Class: {PerformanceBasedCareProviderRole:Class} SubClassOf: bfo:0000023, sdg:realizesRoleIn exactly 1 {HealthcareOrganization:Class}, sdg:realizesFor some {PatientPopulation:Class}","family=08_derived; slots=PerformanceBasedCareProviderRole,HealthcareOrganization,PatientPopulation",
SDG.ICE.HSSSEQ_ISSUE_DOCUMENT,Hssseq Issue Document,HSSSEQ_ISSUE_DOCUMENT,3.37,SDG.ICE,sdg,An HSSSEQ Issue Document is an information content entity that describes some HSSSEQ situation and addresses some regulatory context. — Class: {HSSSEQ_Issue_Document:Class} EquivalentTo: cco:InformationContentEntity and sdg:describesSituation some {HSSSEQ_Situation:Class} and sdg:addressesSubject some {Regulatory_Context:Class},"family=08_derived; slots=HSSSEQ_Issue_Document,HSSSEQ_Situation,Regulatory_Context",
SDG.GENERIC.DECISION_MAKER_ROLE,Decision Maker Role,DECISION_MAKER_ROLE,0.131,SDG.GENERIC,sdg,"A DecisionMakerRole is a role borne by exactly one IndependentContinuant that realizes a DecisionMakingProcess. — Class: {DecisionMakerRole:Class} SubClassOf: bfo:0000023, sdg:bears exactly 1 {IndependentContinuant:Class}, sdg:realizes some {DecisionMakingProcess:Class}","family=08_derived; slots=DecisionMakerRole,IndependentContinuant,DecisionMakingProcess",
SDG.ICE.ETYMOLOGICAL_DECIPHERING,Etymological Deciphering,ETYMOLOGICAL_DECIPHERING,3.38,SDG.ICE,sdg,An EtymologicalDeciphering is an InformationContentEntity that relates a GaulishTribe to a SlavicLinguisticRoot via a confidence score. — Class: {EtymologicalDeciphering:Class} EquivalentTo: cco:InformationContentEntity and sdg:derivesFromTribe some {GaulishTribe:Class} and sdg:mapsToSlavicRoot some {SlavicLinguisticRoot:Class} and sdg:hasConfidenceScore some xsd:decimal,"family=08_derived; slots=EtymologicalDeciphering,GaulishTribe,SlavicLinguisticRoot",
SDG.GENERIC.GRADUATION_ELIGIBILITY_ASSESSMENT,Graduation Eligibility Assessment,GRADUATION_ELIGIBILITY_ASSESSMENT,0.132,SDG.GENERIC,sdg,"A GraduationEligibilityAssessment is a process that assessesProgram some ProgramOfStudy and evaluatesStudent some StudentAgent. — Class: {GraduationEligibilityAssessment:Class} EquivalentTo: bfo:0000015, sdg:assessesProgram some {ProgramOfStudy:Class}, sdg:evaluatesStudent some {StudentAgent:Class}","family=08_derived; slots=GraduationEligibilityAssessment,ProgramOfStudy,StudentAgent",
SDG.ICE.DIRECTIVE.RESIDENCY_REQUIREMENT,Residency Requirement,RESIDENCY_REQUIREMENT,3.2.7,SDG.ICE.DIRECTIVE,sdg,"A ResidencyRequirement is a DirectiveICE that mandatesCompletion some StudentAgent and enforcedByOffice some AdministrativeOffice. — Class: {ResidencyRequirement:Class} EquivalentTo: cco:DirectiveICE, sdg:mandatesCompletion some {StudentAgent:Class}, sdg:enforcedByOffice some {AdministrativeOffice:Class}","family=08_derived; slots=ResidencyRequirement,StudentAgent,AdministrativeOffice",
SDG.ICE.APPEAL_WAIVER_CERTIFICATION,Appeal Waiver Certification,APPEAL_WAIVER_CERTIFICATION,3.39,SDG.ICE,sdg,"An AppealWaiverCertification is an InformationContentEntity that certifies for exactly one BoardOfEqualization, certifies exactly one AppealWaiver, and has some certificationTime. — Class: {AppealWaiverCertification:Class} EquivalentTo: cco:InformationContentEntity, sdg:certifiesForEvent exactly 1 {BoardOfEqualization:Class}, sdg:certifiesParticipant exactly 1 {AppealWaiver:Class}, sdg:hasCertificationTime some {CertificationTime:Class}","family=08_derived; slots=AppealWaiverCertification,BoardOfEqualization,AppealWaiver,CertificationTime",
SDG.GENERIC.BOARD_MEETING_AGENDA_ITEM,Board Meeting Agenda Item,BOARD_MEETING_AGENDA_ITEM,0.133,SDG.GENERIC,sdg,"A BoardMeetingAgendaItem is a process that is executed by some BoardMember and targets some AgendaSubject. — Class: {BoardMeetingAgendaItem:Class} EquivalentTo: bfo:0000015, sdg:executedBy some {BoardMember:Class}, sdg:targetsSubject some {AgendaSubject:Class}","family=08_derived; slots=BoardMeetingAgendaItem,BoardMember,AgendaSubject",
SDG.GENERIC.CANCER_SUPPORT_PROGRAM,Cancer Support Program,CANCER_SUPPORT_PROGRAM,0.134,SDG.GENERIC,sdg,"A CancerSupportProgram is a BFO process that targets a CancerPatient and delivers a SupportService. — Class: {CancerSupportProgram:Class} EquivalentTo: bfo:0000015, sdg:targets some {CancerPatient:Class}, sdg:delivers some {SupportService:Class}","family=08_derived; slots=CancerSupportProgram,CancerPatient,SupportService",
SDG.GENERIC.UNACCOMPANIED_MINOR_ROLE,Unaccompanied Minor Role,UNACCOMPANIED_MINOR_ROLE,0.135,SDG.GENERIC,sdg,"An UnaccompaniedMinorRole is a Role that inheres in exactly one MinorPerson and realizes a TaxiRideProcess. — Class: {UnaccompaniedMinorRole:Class} SubClassOf: bfo:0000023, sdg:inheresIn exactly 1 {MinorPerson:Class}, sdg:realizes some {TaxiRideProcess:Class}","family=08_derived; slots=UnaccompaniedMinorRole,MinorPerson,TaxiRideProcess",
SDG.GENERIC.PICK_DROP_LOCATION,Pick Drop Location,PICK_DROP_LOCATION,0.136,SDG.GENERIC,sdg,"A PickDropLocation is a Continuant that is part of a TransportRoute. — Class: {PickDropLocation:Class} EquivalentTo: bfo:0000004, bfo:0000050 some {TransportRoute:Class}","family=08_derived; slots=PickDropLocation,TransportRoute",
SDG.GENERIC.URINE_DRUG_SCREENING_PROCEDURE,Urine Drug Screening Procedure,URINE_DRUG_SCREENING_PROCEDURE,0.137,SDG.GENERIC,sdg,"A UrineDrugScreeningProcedure is a clinical process that collects a BiologicalSpecimen and targets an AnalyteTarget. — Class: {UrineDrugScreeningProcedure:Class} EquivalentTo: bfo:0000015, sdg:collectsSpecimen some {BiologicalSpecimen:Class}, sdg:targetsAnalyte some {AnalyteTarget:Class}","family=08_derived; slots=UrineDrugScreeningProcedure,BiologicalSpecimen,AnalyteTarget",
SDG.GENERIC.JUVENILE_OFFENDER_PATIENT_ROLE,Juvenile Offender Patient Role,JUVENILE_OFFENDER_PATIENT_ROLE,0.138,SDG.GENERIC,sdg,A role realized in an independent continuant that realizes a process. — Class: {JuvenileOffenderPatientRole:Class} EquivalentTo: bfo:0000023 and bfo:0000052 some {IndependentContinuant:Class} and bfo:0000054 some bfo:0000015,"family=08_derived; slots=JuvenileOffenderPatientRole,IndependentContinuant",
SDG.ICE.DESCRIPTIVE.PAYMENT_METHOD_CATEGORY,Payment Method Category,PAYMENT_METHOD_CATEGORY,3.1.14,SDG.ICE.DESCRIPTIVE,sdg,"A PaymentMethodCategory is a descriptive information entity that has a FundingSource. — Class: {PaymentMethodCategory:Class} EquivalentTo: cco:DescriptiveICE, sdg:hasPaymentType some {FundingSource:Class}","family=08_derived; slots=PaymentMethodCategory,FundingSource",
SDG.GENERIC.BIOCULTURAL_RESEARCH_DESIGN,Biocultural Research Design,BIOCULTURAL_RESEARCH_DESIGN,0.139,SDG.GENERIC,sdg,"A BioculturalResearchDesign is a Process that employs some NutritionalAnthropologyMethod and addresses some ResearchQuestion. — Class: {BioculturalResearchDesign:Class} EquivalentTo: bfo:0000015, sdg:employsMethod some {NutritionalAnthropologyMethod:Class}, sdg:addressesQuestion some {ResearchQuestion:Class}","family=08_derived; slots=BioculturalResearchDesign,NutritionalAnthropologyMethod,ResearchQuestion",
SDG.ICE.DESCRIPTIVE.NUTRITIONAL_STATUS_INDICATOR,Nutritional Status Indicator,NUTRITIONAL_STATUS_INDICATOR,3.1.15,SDG.ICE.DESCRIPTIVE,sdg,"A NutritionalStatusIndicator is a DescriptiveICE that expresses some QuantitativeMeasurement and only expresses QuantitativeMeasurements. — Class: {NutritionalStatusIndicator:Class} EquivalentTo: cco:DescriptiveICE, sdg:expressesValue some {QuantitativeMeasurement:Class}, sdg:expressesValue only {QuantitativeMeasurement:Class}","family=08_derived; slots=NutritionalStatusIndicator,QuantitativeMeasurement",
SDG.GENERIC.INFORMED_CONSENT_PROCESS,Informed Consent Process,INFORMED_CONSENT_PROCESS,0.140,SDG.GENERIC,sdg,"An InformedConsentProcess is a Process that involves some ParticipantInteraction and satisfies some EthicalRequirement. — Class: {InformedConsentProcess:Class} EquivalentTo: bfo:0000015, sdg:involvesInteraction some {ParticipantInteraction:Class}, sdg:satisfiesRequirement some {EthicalRequirement:Class}","family=08_derived; slots=InformedConsentProcess,ParticipantInteraction,EthicalRequirement",
SDG.GENERIC.BOARD_MEMBER_ROLE,Board Member Role,BOARD_MEMBER_ROLE,0.141,SDG.GENERIC,sdg,"A board member role is a role borne by exactly one independent continuant that realizes participation in a board of assessors meeting. — Class: {BoardMemberRole:Class} SubClassOf: bfo:0000023, sdg:hasBorneAgent exactly 1 {IndependentContinuant:Class}, sdg:realizes some {BoardOfAssessorsMeeting:Class}","family=08_derived; slots=BoardMemberRole,IndependentContinuant,BoardOfAssessorsMeeting",
SDG.ICE.PROPERTY_ASSESSMENT_NOTICE,Property Assessment Notice,PROPERTY_ASSESSMENT_NOTICE,3.40,SDG.ICE,sdg,"A property assessment notice is an information content entity that is submitted for approval of a recommendation. — Class: {PropertyAssessmentNotice:Class} EquivalentTo: cco:InformationContentEntity, sdg:submittedForApproval some {ApprovalRecommendation:Class}","family=08_derived; slots=PropertyAssessmentNotice,ApprovalRecommendation",
SDG.GENERIC.ANIMAL_CONTROL_OFFICER_ROLE,Animal Control Officer Role,ANIMAL_CONTROL_OFFICER_ROLE,0.142,SDG.GENERIC,sdg,"AnimalControlOfficerRole is a role borne by exactly one HumanAgent and realizes some AnimalEnforcementActivity. — Class: {AnimalControlOfficerRole:Class} SubClassOf: bfo:0000023, bfo:0000052 some {HumanAgent:Class}, bfo:0000054 some {AnimalEnforcementActivity:Class}","family=08_derived; slots=AnimalControlOfficerRole,HumanAgent,AnimalEnforcementActivity",
SDG.GENERIC.ELIGIBLE_RAFFLE_CONDUCTOR_ROLE,Eligible Raffle Conductor Role,ELIGIBLE_RAFFLE_CONDUCTOR_ROLE,0.143,SDG.GENERIC,sdg,"An EligibleRaffleConductorRole is a BFO role borne by exactly one NonprofitOrganization that realizes a RaffleConductingActivity. — Class: {EligibleRaffleConductorRole:Class} SubClassOf: bfo:0000023, sdg:bears exactly 1 {NonprofitOrganization:Class}, sdg:realizes some {RaffleConductingActivity:Class}","family=08_derived; slots=EligibleRaffleConductorRole,NonprofitOrganization,RaffleConductingActivity",
SDG.GENERIC.DATA_EXPORT_PROCESS,Data Export Process,DATA_EXPORT_PROCESS,0.144,SDG.GENERIC,sdg,"A DataExportProcess is a process that generates ExportedDataArtifact via SoftwareInterface. — Class: {DataExportProcess:Class} EquivalentTo: bfo:0000015, sdg:generatesArtifact some {ExportedDataArtifact:Class}, sdg:utilizesInterface some {SoftwareInterface:Class}","family=08_derived; slots=DataExportProcess,ExportedDataArtifact,SoftwareInterface",
SDG.ICE.PATIENT_EDUCATIONAL_CONTENT_PACKAGE,Patient Educational Content Package,PATIENT_EDUCATIONAL_CONTENT_PACKAGE,3.41,SDG.ICE,sdg,"A collection of information content entities aggregating medication fact sheets for patient education. — Class: {PatientEducationalContentPackage:Class} EquivalentTo: cco:InformationContentEntity, sdg:aggregates some {MedicationFactSheet:Class}, sdg:hasPurpose some {PatientEducationPurpose:Class}","family=08_derived; slots=PatientEducationalContentPackage,MedicationFactSheet,PatientEducationPurpose",
SDG.ICE.DESCRIPTIVE.OBSERVATORY_MOUNTING_CONFIGURATION,Observatory Mounting Configuration,OBSERVATORY_MOUNTING_CONFIGURATION,3.1.16,SDG.ICE.DESCRIPTIVE,sdg,"An ObservatoryMountingConfiguration is an information content entity that specifies exactly one TelescopeInstrumentArtifact allocated to exactly one ObservatoryMountingStructure. — Class: {ObservatoryMountingConfiguration:Class} EquivalentTo: cco:DescriptiveICE, sdg:specifiesInstrument exactly 1 {TelescopeInstrumentArtifact:Class}, sdg:allocatesToStructure exactly 1 {ObservatoryMountingStructure:Class}","family=08_derived; slots=ObservatoryMountingConfiguration,TelescopeInstrumentArtifact,ObservatoryMountingStructure",
SDG.GENERIC.TELEMARKETER_SALES_ADMINISTRATOR_ROLE,Telemarketer Sales Administrator Role,TELEMARKETER_SALES_ADMINISTRATOR_ROLE,0.145,SDG.GENERIC,sdg,"A TelemarketerSalesAdministratorRole is a Role that bears exactly one Person and realizes some SalesAdministrationActivity. — Class: {TelemarketerSalesAdministratorRole:Class} SubClassOf: bfo:0000023, sdg:bearsRoleHolder exactly 1 {Person:Class}, sdg:realizes some {SalesAdministrationActivity:Class}","family=08_derived; slots=TelemarketerSalesAdministratorRole,Person,SalesAdministrationActivity",
SDG.ICE.TELEMARKETING_KPI_CONSTRAINT,Telemarketing Kpi Constraint,TELEMARKETING_KPI_CONSTRAINT,3.42,SDG.ICE,sdg,"A TelemarketingKPIConstraint is an InformationContentEntity that applies to some TelemarketerSalesAdministratorRole, measures some CallVolumeMetric, and specifies a minimumCallsPerHour of type xsd:decimal. — Class: {TelemarketingKPIConstraint:Class} EquivalentTo: cco:InformationContentEntity, sdg:applies_to some {TelemarketerSalesAdministratorRole:Class}, sdg:measures some {CallVolumeMetric:Class}, sdg:minimumCallsPerHour some xsd:decimal","family=08_derived; slots=TelemarketingKPIConstraint,TelemarketerSalesAdministratorRole,CallVolumeMetric",
SDG.ICE.WEEKLY_SALES_REPORT,Weekly Sales Report,WEEKLY_SALES_REPORT,3.43,SDG.ICE,sdg,"A WeeklySalesReport is an InformationContentEntity that describes some TeleSalesActivity and is situated_in some ReportingPeriod. — Class: {WeeklySalesReport:Class} EquivalentTo: cco:InformationContentEntity, sdg:describes some {TeleSalesActivity:Class}, sdg:situated_in some {ReportingPeriod:Class}, sdg:hasPeriodType some {WeeklyPeriod:Class}","family=08_derived; slots=WeeklySalesReport,TeleSalesActivity,ReportingPeriod,WeeklyPeriod",
SDG.GENERIC.CLEARING_BROKER_ROLE,Clearing Broker Role,CLEARING_BROKER_ROLE,0.146,SDG.GENERIC,sdg,"A clearing broker role is a role that inheres in exactly one customer account and realizes some clearing process. — Class: {ClearingBrokerRole:Class} SubClassOf: bfo:0000023, sdg:inheresIn exactly 1 {CustomerAccount:Class}, sdg:realizes some {ClearingProcess:Class}","family=08_derived; slots=ClearingBrokerRole,CustomerAccount,ClearingProcess",
SDG.GENERIC.SECURITY_INFRASTRUCTURE,Security Infrastructure,SECURITY_INFRASTRUCTURE,0.147,SDG.GENERIC,sdg,"Security infrastructure is a specific continuant that has some access control mechanism as a direct part. — Class: {SecurityInfrastructure:Class} EquivalentTo: bfo:0000004, sdg:hasDirectPart some {AccessControlMechanism:Class}","family=08_derived; slots=SecurityInfrastructure,AccessControlMechanism",
SDG.ICE.DUPLICATING_REQUEST,Duplicating Request,DUPLICATING_REQUEST,3.44,SDG.ICE,sdg,"A DuplicatingRequest is an InformationContentEntity that hasRequester some RequestingEntity, hasDocument some CopiedDocument, and hasTurnaroundHours some decimal. — Class: {DuplicatingRequest:Class} EquivalentTo: cco:InformationContentEntity, sdg:hasRequester some {RequestingEntity:Class}, sdg:hasDocument some {CopiedDocument:Class}, sdg:hasTurnaroundHours some xsd:decimal","family=08_derived; slots=DuplicatingRequest,RequestingEntity,CopiedDocument",
SDG.GENERIC.MAIL_DISPATCH_PROCESS,Mail Dispatch Process,MAIL_DISPATCH_PROCESS,0.148,SDG.GENERIC,sdg,"A MailDispatchProcess is a Process that hasDestinationLocation some MailDropLocation and hasSortingCriteria some DepartmentalSortingRule. — Class: {MailDispatchProcess:Class} EquivalentTo: bfo:0000015, sdg:hasDestinationLocation some {MailDropLocation:Class}, sdg:hasSortingCriteria some {DepartmentalSortingRule:Class}","family=08_derived; slots=MailDispatchProcess,MailDropLocation,DepartmentalSortingRule",
SDG.GENERIC.REFERRAL_SOURCE_ROLE,Referral Source Role,REFERRAL_SOURCE_ROLE,0.149,SDG.GENERIC,sdg,"ReferralSourceRole is a role borne by exactly one CriminalJusticeSystem and realizes some ReferralProcess. — Class: {ReferralSourceRole:Class} SubClassOf: bfo:0000023, bfo:0000052 some {CriminalJusticeSystem:Class}, bfo:0000054 some {ReferralProcess:Class}","family=08_derived; slots=ReferralSourceRole,CriminalJusticeSystem,ReferralProcess",
SDG.ICE.SURVEY_FINDING,Survey Finding,SURVEY_FINDING,3.45,SDG.ICE,sdg,"SurveyFinding is an information entity that involves some SubstanceType, some PrevalenceRate, and has a percentage value. — Class: {SurveyFinding:Class} EquivalentTo: cco:InformationContentEntity, sdg:hasSubstanceType some {SubstanceType:Class}, sdg:hasPrevalenceRate some {PrevalenceRate:Class}, sdg:hasPercentageValue some xsd:decimal","family=08_derived; slots=SurveyFinding,SubstanceType,PrevalenceRate",
SDG.ICE.DESCRIPTIVE.VEHICLE_POWER_TYPE,Vehicle Power Type,VEHICLE_POWER_TYPE,3.1.17,SDG.ICE.DESCRIPTIVE,sdg,A vehicle power type is equivalent to either a diesel powered vehicle or a non diesel powered vehicle. — Class: {VehiclePowerType:Class} EquivalentTo: ({DieselPoweredVehicle:Class} or {NonDieselPoweredVehicle:Class}),"family=08_derived; slots=VehiclePowerType,DieselPoweredVehicle,NonDieselPoweredVehicle",
SDG.ICE.BREEDING_PROGRAM_APPLICATION,Breeding Program Application,BREEDING_PROGRAM_APPLICATION,3.46,SDG.ICE,sdg,"A BreedingProgramApplication is an InformationContentEntity that contains a FormSection and identifies a HorseIdentity. — Class: {BreedingProgramApplication:Class} EquivalentTo: cco:InformationContentEntity, sdg:containsFormSection some {HorseIdentity:Class}, sdg:identifies some {HorseIdentity:Class}","family=08_derived; slots=BreedingProgramApplication,HorseIdentity",
SDG.ICE.MEASUREMENT_CAPABILITY_PROFILE,Measurement Capability Profile,MEASUREMENT_CAPABILITY_PROFILE,3.47,SDG.ICE,sdg,"A MeasurementCapabilityProfile is an InformationContentEntity that has a measurement_parameter some MeasurementParameter, has a measurement_range some MeasurementRange, and has an expanded_uncertainty_value some Decimal. — Class: {MeasurementCapabilityProfile:Class} EquivalentTo: cco:InformationContentEntity, sdg:hasMeasurementParameter some {MeasurementParameter:Class}, sdg:hasMeasurementRange some {MeasurementRange:Class}, sdg:hasExpandedUncertaintyValue some xsd:decimal","family=08_derived; slots=MeasurementCapabilityProfile,MeasurementParameter,MeasurementRange",
SDG.GENERIC.DEBT_CASEWORK_PROCESS,Debt Casework Process,DEBT_CASEWORK_PROCESS,0.150,SDG.GENERIC,sdg,"A debt casework process is a process that targets a housing client and addresses a housing debt issue. — Class: {DebtCaseworkProcess:Class} EquivalentTo: bfo:0000015, sdg:targetsClient some {HousingClient:Class}, sdg:addressesIssue some {HousingDebtIssue:Class}","family=08_derived; slots=DebtCaseworkProcess,HousingClient,HousingDebtIssue",
SDG.ICE.HOUSING_POLICY_INFORMATION,Housing Policy Information,HOUSING_POLICY_INFORMATION,3.48,SDG.ICE,sdg,"Housing policy information is an information content entity that concerns a housing policy topic. — Class: {HousingPolicyInformation:Class} EquivalentTo: cco:InformationContentEntity, sdg:concernsTopic some {HousingPolicyTopic:Class}","family=08_derived; slots=HousingPolicyInformation,HousingPolicyTopic",
SDG.GENERIC.FILLER_BUSINESSACTIVITYPROCESS,Filler Businessactivityprocess,FILLER_BUSINESSACTIVITYPROCESS,0.151,SDG.GENERIC,sdg,A process that involves a business entity as an object. — Class: {BusinessActivityProcess:Class} EquivalentTo: bfo:0000015 and sdg:involves_object some cco:BusinessEntity,family=08_derived; slots=BusinessActivityProcess,
SDG.GENERIC.FILLER_BUSINESSDECISION,Filler Businessdecision,FILLER_BUSINESSDECISION,0.152,SDG.GENERIC,sdg,A planned process that involves a business entity as its object. — Class: {BusinessDecision:Class} EquivalentTo: bfo:0000015 and sdg:involves_object some cco:BusinessEntity,family=08_derived; slots=BusinessDecision,
SDG.GENERIC.FILLER_BUSINESSENTITY,Filler Businessentity,FILLER_BUSINESSENTITY,0.153,SDG.GENERIC,sdg,A material entity that is involved in a business activity process. — Class: {BusinessEntity:Class} EquivalentTo: bfo:0000040 and sdg:involved_in some sdg:BusinessActivityProcess,family=08_derived; slots=BusinessEntity,
SDG.GENERIC.FILLER_BUSINESSINITIATIVE,Filler Businessinitiative,FILLER_BUSINESSINITIATIVE,0.154,SDG.GENERIC,sdg,A planned process that involves a business entity as its object. — Class: {BusinessInitiative:Class} EquivalentTo: bfo:0000015 and sdg:involves_object some cco:BusinessEntity,family=08_derived; slots=BusinessInitiative,
SDG.GENERIC.FILLER_CALENDARPRODUCTSPECIFICATION,Filler Calendarproductspecification,FILLER_CALENDARPRODUCTSPECIFICATION,0.155,SDG.GENERIC,sdg,A calendar system specification that relates to a calendar product. — Class: {CalendarProductSpecification:Class} EquivalentTo: cco:ont00000891 and sdg:relates_to some sdg:CalendarProduct,family=08_derived; slots=CalendarProductSpecification,
SDG.GENERIC.FILLER_CALLVOLUMEMETRIC,Filler Callvolumemetric,FILLER_CALLVOLUMEMETRIC,0.156,SDG.GENERIC,sdg,A measurement unit of volume that measures call volume. — Class: {CallVolumeMetric:Class} EquivalentTo: cco:ont00001317 and sdg:measures some sdg:CallVolume,family=08_derived; slots=CallVolumeMetric,
SDG.GENERIC.FILLER_CANCERPATIENT,Filler Cancerpatient,FILLER_CANCERPATIENT,0.157,SDG.GENERIC,sdg,A person who has a disease. — Class: {CancerPatient:Class} EquivalentTo: cco:ont00001262 and sdg:has_disease some cco:ont00000318,family=08_derived; slots=CancerPatient,
SDG.GENERIC.FILLER_CAREQUALITYASSESSMENT,Filler Carequalityassessment,FILLER_CAREQUALITYASSESSMENT,0.158,SDG.GENERIC,sdg,A quality specification that assesses the quality of clinical care. — Class: {CareQualityAssessment:Class} EquivalentTo: cco:ont00000575 and sdg:assesses_quality_of some sdg:ClinicalCare,family=08_derived; slots=CareQualityAssessment,
SDG.GENERIC.FILLER_CERTIFICATIONTIME,Filler Certificationtime,FILLER_CERTIFICATIONTIME,0.159,SDG.GENERIC,sdg,An hour that relates to a certificate. — Class: {CertificationTime:Class} EquivalentTo: cco:ont00001058 and sdg:relates_to some cco:ont00002002,family=08_derived; slots=CertificationTime,
SDG.GENERIC.FILLER_CERTIFIEDINTERNALAUDITOR,Filler Certifiedinternalauditor,FILLER_CERTIFIEDINTERNALAUDITOR,0.160,SDG.GENERIC,sdg,A material entity that has a certificate. — Class: {CertifiedInternalAuditor:Class} EquivalentTo: bfo:0000040 and sdg:has_certification some cco:ont00002002,family=08_derived; slots=CertifiedInternalAuditor,
SDG.GENERIC.FILLER_CHEMICALINSTALLATION,Filler Chemicalinstallation,FILLER_CHEMICALINSTALLATION,0.161,SDG.GENERIC,sdg,A chemical manufacturing facility that involves a chemical as an object. — Class: {ChemicalInstallation:Class} EquivalentTo: cco:ont00000248 and sdg:involves_object some sdg:Chemical,family=08_derived; slots=ChemicalInstallation,
SDG.GENERIC.FILLER_CHILDPROTECTIONTEAM,Filler Childprotectionteam,FILLER_CHILDPROTECTIONTEAM,0.162,SDG.GENERIC,sdg,An organization that protects a child. — Class: {ChildProtectionTeam:Class} EquivalentTo: cco:ont00001180 and sdg:protects some sdg:Child,family=08_derived; slots=ChildProtectionTeam,
SDG.GENERIC.FILLER_CLEARINGPROCESS,Filler Clearingprocess,FILLER_CLEARINGPROCESS,0.163,SDG.GENERIC,sdg,A process that involves a financial instrument as an object. — Class: {ClearingProcess:Class} EquivalentTo: bfo:0000015 and sdg:involves_object some sdg:FinancialInstrument,family=08_derived; slots=ClearingProcess,
SDG.GENERIC.FILLER_CLIENT,Filler Client,FILLER_CLIENT,0.164,SDG.GENERIC,sdg,An agent that receives a financial product advice service. — Class: {Client:Class} EquivalentTo: cco:ont00001017 and sdg:receives_service some cco:FinancialProductAdviceService,family=08_derived; slots=Client,
SDG.GENERIC.FILLER_CLIENTPROFILE,Filler Clientprofile,FILLER_CLIENTPROFILE,0.165,SDG.GENERIC,sdg,A process profile that represents or relates to a specific network user or client. — Class: {ClientProfile:Class} EquivalentTo: cco:BFO_0000144 and sdg:relatesTo some sdg:NetworkUser,family=08_derived; slots=ClientProfile,
SDG.GENERIC.FILLER_CLINICALPERFORMANCEDATA,Filler Clinicalperformancedata,FILLER_CLINICALPERFORMANCEDATA,0.166,SDG.GENERIC,sdg,Clinical quality data that quantifies or tracks health outcome metrics for performance evaluation. — Class: {ClinicalPerformanceData:Class} EquivalentTo: sdg:ClinicalQualityData and sdg:measures some sdg:HealthOutcomeMetric,family=08_derived; slots=ClinicalPerformanceData,
SDG.GENERIC.FILLER_CLINICALSYSTEM,Filler Clinicalsystem,FILLER_CLINICALSYSTEM,0.167,SDG.GENERIC,sdg,An infrastructure system dedicated to delivering clinical care services. — Class: {ClinicalSystem:Class} EquivalentTo: cco:ont00000870 and sdg:providesService some sdg:ClinicalCare,family=08_derived; slots=ClinicalSystem,
SDG.GENERIC.FILLER_CLOUDSTORAGEVOLUME,Filler Cloudstoragevolume,FILLER_CLOUDSTORAGEVOLUME,0.168,SDG.GENERIC,sdg,A digital storage device partition or allocation used to hold database containers in a cloud environment. — Class: {CloudStorageVolume:Class} EquivalentTo: cco:ont00001179 and sdg:usedForStorage some sdg:DatabaseContainer,family=08_derived; slots=CloudStorageVolume,
SDG.GENERIC.FILLER_COLLATERALEXCHANGEPROCESS,Filler Collateralexchangeprocess,FILLER_COLLATERALEXCHANGEPROCESS,0.169,SDG.GENERIC,sdg,A financial deposit process that involves the corresponding withdrawal or exchange of collateral assets. — Class: {CollateralExchangeProcess:Class} EquivalentTo: cco:ont00000137 and sdg:involves some cco:ont00000501,family=08_derived; slots=CollateralExchangeProcess,
SDG.GENERIC.FILLER_COLLEGEADMINISTRATION,Filler Collegeadministration,FILLER_COLLEGEADMINISTRATION,0.170,SDG.GENERIC,sdg,An organizational body responsible for the management and governance of a higher education institution. — Class: {CollegeAdministration:Class} EquivalentTo: cco:ont00001180 and sdg:manages some sdg:HigherEducationInstitution,family=08_derived; slots=CollegeAdministration,
SDG.GENERIC.FILLER_COLLEGECOMMUNITYMEMBER,Filler Collegecommunitymember,FILLER_COLLEGECOMMUNITYMEMBER,0.171,SDG.GENERIC,sdg,An organization member who holds membership within an educational organization or college community. — Class: {CollegeCommunityMember:Class} EquivalentTo: cco:ont00000647 and sdg:memberOf some cco:ont00000564,family=08_derived; slots=CollegeCommunityMember,
SDG.GENERIC.FILLER_COLLEGEOFFICIAL,Filler Collegeofficial,FILLER_COLLEGEOFFICIAL,0.172,SDG.GENERIC,sdg,A staff member who holds an official administrative or academic position within a higher education institution. — Class: {CollegeOfficial:Class} EquivalentTo: sdg:StaffMember and sdg:holdsPositionIn some sdg:HigherEducationInstitution,family=08_derived; slots=CollegeOfficial,
SDG.GENERIC.FILLER_COMMUNITYHEALTHCARESETTING,Filler Communityhealthcaresetting,FILLER_COMMUNITYHEALTHCARESETTING,0.173,SDG.GENERIC,sdg,A healthcare facility that delivers clinical care services within a community-based environment. — Class: {CommunityHealthcareSetting:Class} EquivalentTo: cco:ont00000055 and sdg:providesService some sdg:ClinicalCare,family=08_derived; slots=CommunityHealthcareSetting,
SDG.GENERIC.FILLER_CONTINUOUSEMISSIONSMONITORINGSYSTEM,Filler Continuousemissionsmonitoringsystem,FILLER_CONTINUOUSEMISSIONSMONITORINGSYSTEM,0.174,SDG.GENERIC,sdg,An environment control system that participates in continuous emissions monitoring processes. — Class: {ContinuousEmissionsMonitoringSystem:Class} EquivalentTo: cco:ont00000453 and bfo:participates_in some sdg:ContinuousEmissionsMonitoringProcess,family=08_derived; slots=ContinuousEmissionsMonitoringSystem,
SDG.GENERIC.FILLER_COPIEDDOCUMENT,Filler Copieddocument,FILLER_COPIEDDOCUMENT,0.175,SDG.GENERIC,sdg,A material copy of a document that derives its information content from an original document. — Class: {CopiedDocument:Class} EquivalentTo: cco:ont00001298 and cco:derives_information_content_from some sdg:OriginalDocument,family=08_derived; slots=CopiedDocument,
SDG.GENERIC.FILLER_CORPORATEAGENT,Filler Corporateagent,FILLER_CORPORATEAGENT,0.176,SDG.GENERIC,sdg,A commercial organization that participates in corporate activities. — Class: {CorporateAgent:Class} EquivalentTo: cco:ont00000443 and bfo:participates_in some sdg:CorporateActivity,family=08_derived; slots=CorporateAgent,
SDG.GENERIC.FILLER_CORPORATEAUDITFUNCTION,Filler Corporateauditfunction,FILLER_CORPORATEAUDITFUNCTION,0.177,SDG.GENERIC,sdg,A financial artifact function that is realized in a corporate audit process. — Class: {CorporateAuditFunction:Class} EquivalentTo: cco:ont00000938 and cco:realizes_in some sdg:CorporateAuditProcess,family=08_derived; slots=CorporateAuditFunction,
SDG.GENERIC.FILLER_CORPORATECOALITION,Filler Corporatecoalition,FILLER_CORPORATECOALITION,0.178,SDG.GENERIC,sdg,A group of organizations that includes at least one commercial organization as a participant. — Class: {CorporateCoalition:Class} EquivalentTo: cco:ont00001239 and cco:has_participant some cco:ont00000443,family=08_derived; slots=CorporateCoalition,
SDG.GENERIC.FILLER_CORPORATEEMPLOYEE,Filler Corporateemployee,FILLER_CORPORATEEMPLOYEE,0.179,SDG.GENERIC,sdg,An organization member that participates in a corporate employment process. — Class: {CorporateEmployee:Class} EquivalentTo: cco:ont00000647 and bfo:participates_in some sdg:CorporateEmploymentProcess,family=08_derived; slots=CorporateEmployee,
SDG.GENERIC.FILLER_CORPORATEREPUTATIONMETRIC,Filler Corporatereputationmetric,FILLER_CORPORATEREPUTATIONMETRIC,0.180,SDG.GENERIC,sdg,A measurement information content entity that measures corporate reputation. — Class: {CorporateReputationMetric:Class} EquivalentTo: cco:ont00001163 and cco:measures some sdg:CorporateReputation,family=08_derived; slots=CorporateReputationMetric,
SDG.GENERIC.FILLER_COURSESELECTIONSET,Filler Courseselectionset,FILLER_COURSESELECTIONSET,0.181,SDG.GENERIC,sdg,A generically dependent continuant that comprises a set of courses selected for an educational track. — Class: {CourseSelectionSet:Class} EquivalentTo: bfo:0000031 and cco:has_participant some sdg:Course,family=08_derived; slots=CourseSelectionSet,
SDG.GENERIC.FILLER_COURTDOCUMENT,Filler Courtdocument,FILLER_COURTDOCUMENT,0.182,SDG.GENERIC,sdg,A form document that participates in a legal proceeding. — Class: {CourtDocument:Class} EquivalentTo: cco:ont00002044 and bfo:participates_in some sdg:LegalProceeding,family=08_derived; slots=CourtDocument,
SDG.GENERIC.FILLER_CRIMINALJUSTICESYSTEM,Filler Criminaljusticesystem,FILLER_CRIMINALJUSTICESYSTEM,0.183,SDG.GENERIC,sdg,An infrastructure system that participates in criminal justice processes. — Class: {CriminalJusticeSystem:Class} EquivalentTo: cco:ont00000870 and bfo:participates_in some sdg:CriminalJusticeProcess,family=08_derived; slots=CriminalJusticeSystem,
SDG.GENERIC.FILLER_CULTURALATTRIBUTE,Filler Culturalattribute,FILLER_CULTURALATTRIBUTE,0.184,SDG.GENERIC,sdg,A quality that inheres in an organizational culture. — Class: {CulturalAttribute:Class} EquivalentTo: bfo:0000019 and bfo:inheres_in some sdg:OrganizationalCulture,family=08_derived; slots=CulturalAttribute,
SDG.GENERIC.FILLER_CURRICULUM,Filler Curriculum,FILLER_CURRICULUM,0.185,SDG.GENERIC,sdg,A generically dependent continuant that comprises a structured set of courses for educational instruction. — Class: {Curriculum:Class} EquivalentTo: bfo:0000031 and cco:has_participant some sdg:Course,family=08_derived; slots=Curriculum,
SDG.GENERIC.FILLER_CUSTOMERNETWORK,Filler Customernetwork,FILLER_CUSTOMERNETWORK,0.186,SDG.GENERIC,sdg,A computer network that includes customer devices as participants. — Class: {CustomerNetwork:Class} EquivalentTo: cco:ont00000700 and cco:has_participant some sdg:CustomerDevice,family=08_derived; slots=CustomerNetwork,
SDG.GENERIC.FILLER_DISH,Filler Dish,FILLER_DISH,0.187,SDG.GENERIC,sdg,A portion of food that is served on a dish receiver. — Class: {Dish:Class} EquivalentTo: cco:ont00000307 and sdg:servedIn some cco:ont00001223,family=08_derived; slots=Dish,
SDG.GENERIC.FILLER_DISTRICTEMPLOYEE,Filler Districtemployee,FILLER_DISTRICTEMPLOYEE,0.188,SDG.GENERIC,sdg,An organization member role held by an individual affiliated with a seat of local government. — Class: {DistrictEmployee:Class} EquivalentTo: cco:ont00000175 and sdg:memberOf some cco:ont00000545,family=08_derived; slots=DistrictEmployee,
SDG.GENERIC.FILLER_DOMESTICVIOLENCEVICTIMCLIENT,Filler Domesticviolencevictimclient,FILLER_DOMESTICVIOLENCEVICTIMCLIENT,0.189,SDG.GENERIC,sdg,A survivor of domestic violence who is seeking legal advocacy or relief through a legal proceeding. — Class: {DomesticViolenceVictimClient:Class} EquivalentTo: sdg:DomesticViolenceSurvivor and sdg:involvedIn some sdg:LegalProceeding,family=08_derived; slots=DomesticViolenceVictimClient,
SDG.GENERIC.FILLER_DONOR,Filler Donor,FILLER_DONOR,0.190,SDG.GENERIC,sdg,An act of donating that involves a hospital as the recipient. — Class: {Donor:Class} EquivalentTo: cco:ont00000839 and sdg:involves some cco:ont00001098,family=08_derived; slots=Donor,
SDG.GENERIC.FILLER_DONORAGENT,Filler Donoragent,FILLER_DONORAGENT,0.191,SDG.GENERIC,sdg,An agent that participates in an act of donating. — Class: {DonorAgent:Class} EquivalentTo: cco:ont00001017 and sdg:participatesIn some cco:ont00000839,family=08_derived; slots=DonorAgent,
SDG.GENERIC.FILLER_EARTHOBSERVATIONDATA,Filler Earthobservationdata,FILLER_EARTHOBSERVATIONDATA,0.192,SDG.GENERIC,sdg,Environmental data that is collected by a satellite artifact. — Class: {EarthObservationData:Class} EquivalentTo: sdg:EnvironmentalData and sdg:collectedBy some cco:ont00000352,family=08_derived; slots=EarthObservationData,
SDG.GENERIC.FILLER_ECONOMICGOODSANDSERVICES,Filler Economicgoodsandservices,FILLER_ECONOMICGOODSANDSERVICES,0.193,SDG.GENERIC,sdg,A service function that is traded or regulated within a specific tariff structure. — Class: {EconomicGoodsAndServices:Class} EquivalentTo: sdg:ServiceFunction and sdg:tradedIn some sdg:TariffStructure,family=08_derived; slots=EconomicGoodsAndServices,
SDG.GENERIC.FILLER_ENERGYSAVINGCOMPONENT,Filler Energysavingcomponent,FILLER_ENERGYSAVINGCOMPONENT,0.194,SDG.GENERIC,sdg,A power source component used within a heating system to improve energy efficiency. — Class: {EnergySavingComponent:Class} EquivalentTo: cco:ont00000288 and sdg:usedIn some cco:ont00000849,family=08_derived; slots=EnergySavingComponent,
SDG.GENERIC.FILLER_ETHICALINVESTMENTASSET,Filler Ethicalinvestmentasset,FILLER_ETHICALINVESTMENTASSET,0.195,SDG.GENERIC,sdg,A financial instrument that is designated for or aligned with ethical investment strategies. — Class: {EthicalInvestmentAsset:Class} EquivalentTo: cco:ont00000537 and sdg:hasPurpose some sdg:EthicalInvestment,family=08_derived; slots=EthicalInvestmentAsset,
SDG.GENERIC.FILLER_ETHICALREQUIREMENT,Filler Ethicalrequirement,FILLER_ETHICALREQUIREMENT,0.196,SDG.GENERIC,sdg,A process requirement that specifies adherence to ethical principles or standards. — Class: {EthicalRequirement:Class} EquivalentTo: cco:ont00001224 and sdg:hasStandard some sdg:EthicalStandard,family=08_derived; slots=EthicalRequirement,
SDG.GENERIC.FILLER_EVALUATIONOUTCOME,Filler Evaluationoutcome,FILLER_EVALUATIONOUTCOME,0.197,SDG.GENERIC,sdg,A gain of quality that arises as a direct result of a team assessment event. — Class: {EvaluationOutcome:Class} EquivalentTo: cco:ont00001068 and sdg:resultsFrom some sdg:TeamAssessmentEvent,family=08_derived; slots=EvaluationOutcome,
SDG.GENERIC.FILLER_EXECUTIVEDIRECTORFUNCTION,Filler Executivedirectorfunction,FILLER_EXECUTIVEDIRECTORFUNCTION,0.198,SDG.GENERIC,sdg,An organization member role that entails responsibility for executive direction and oversight. — Class: {ExecutiveDirectorFunction:Class} EquivalentTo: cco:ont00000175 and sdg:hasResponsibility some sdg:ExecutiveDirection,family=08_derived; slots=ExecutiveDirectorFunction,
SDG.GENERIC.FILLER_EXECUTIVEEXECUTIONFUNCTION,Filler Executiveexecutionfunction,FILLER_EXECUTIVEEXECUTIONFUNCTION,0.199,SDG.GENERIC,sdg,An executive leadership process focused on the implementation and execution of strategic decisions. — Class: {ExecutiveExecutionFunction:Class} EquivalentTo: sdg:ExecutiveLeadershipProcess and sdg:hasPurpose some sdg:ExecutiveImplementation,family=08_derived; slots=ExecutiveExecutionFunction,
SDG.GENERIC.FILLER_EXECUTIVETEAM,Filler Executiveteam,FILLER_EXECUTIVETEAM,0.200,SDG.GENERIC,sdg,An organization composed of members holding executive leadership roles. — Class: {ExecutiveTeam:Class} EquivalentTo: cco:ont00001180 and sdg:hasMember some sdg:ExecutiveLeadershipRole,family=08_derived; slots=ExecutiveTeam,
SDG.GENERIC.FILLER_EXECUTIVETEAMMEMBER,Filler Executiveteammember,FILLER_EXECUTIVETEAMMEMBER,0.201,SDG.GENERIC,sdg,An organization member who serves as part of an executive team. — Class: {ExecutiveTeamMember:Class} EquivalentTo: cco:ont00000647 and sdg:servesOn some sdg:ExecutiveTeam,family=08_derived; slots=ExecutiveTeamMember,
SDG.GENERIC.FILLER_EXPEDITIONEQUIPMENT,Filler Expeditionequipment,FILLER_EXPEDITIONEQUIPMENT,0.202,SDG.GENERIC,sdg,Equipment designed or utilized for the purpose of an arctic expedition. — Class: {ExpeditionEquipment:Class} EquivalentTo: cco:ont00001042 and sdg:usedFor some sdg:ArcticExpedition,family=08_derived; slots=ExpeditionEquipment,
SDG.GENERIC.FILLER_EXPEDITIONPARTICIPANT,Filler Expeditionparticipant,FILLER_EXPEDITIONPARTICIPANT,0.203,SDG.GENERIC,sdg,A crew member who participates in an arctic expedition. — Class: {ExpeditionParticipant:Class} EquivalentTo: cco:ont00001284 and sdg:participatesIn some sdg:ArcticExpedition,family=08_derived; slots=ExpeditionParticipant,
SDG.GENERIC.FILLER_EXPERIENCEDMENTOR,Filler Experiencedmentor,FILLER_EXPERIENCEDMENTOR,0.204,SDG.GENERIC,sdg,An interpersonal relationship role held by an individual with substantial professional experience who provides mentorship. — Class: {ExperiencedMentor:Class} EquivalentTo: cco:ont00000599 and sdg:hasExperience some sdg:ProfessionalExperience,family=08_derived; slots=ExperiencedMentor,
SDG.GENERIC.FILLER_EXPORTEXECUTION,Filler Exportexecution,FILLER_EXPORTEXECUTION,0.205,SDG.GENERIC,sdg,A process profile that realizes the execution of a PDF export process. — Class: {ExportExecution:Class} EquivalentTo: cco:BFO_0000144 and sdg:realizes some sdg:PdfExportProcess,family=08_derived; slots=ExportExecution,
SDG.GENERIC.FILLER_EXPORTEDDATAARTIFACT,Filler Exporteddataartifact,FILLER_EXPORTEDDATAARTIFACT,0.206,SDG.GENERIC,sdg,A material artifact that is produced by a data export process. — Class: {ExportedDataArtifact:Class} EquivalentTo: cco:ont00000995 and sdg:producedBy some sdg:DataExportProcess,family=08_derived; slots=ExportedDataArtifact,
SDG.GENERIC.FILLER_EXTERNALAGENCY,Filler Externalagency,FILLER_EXTERNALAGENCY,0.207,SDG.GENERIC,sdg,An agent that maintains an external business partner relationship with an organization. — Class: {ExternalAgency:Class} EquivalentTo: cco:ont00001017 and sdg:hasRelationship some sdg:ExternalBusinessPartner,family=08_derived; slots=ExternalAgency,
SDG.GENERIC.FILLER_INDUSTRIALEMISSIONSOURCE,Filler Industrialemissionsource,FILLER_INDUSTRIALEMISSIONSOURCE,0.208,SDG.GENERIC,sdg,A power source that releases industrial pollutants into the environment. — Class: {IndustrialEmissionSource:Class} EquivalentTo: cco:ont00000288 and sdg:emitsIndustrialEmission some bfo:0000040,family=08_derived; slots=IndustrialEmissionSource,
SDG.GENERIC.FILLER_INFORMATIONCAPABILITY,Filler Informationcapability,FILLER_INFORMATIONCAPABILITY,0.209,SDG.GENERIC,sdg,An organizational capability that enables the transmission or processing of information content. — Class: {InformationCapability:Class} EquivalentTo: cco:ont00000568 and sdg:conveysInformationContent some cco:ont00000958,family=08_derived; slots=InformationCapability,
SDG.GENERIC.FILLER_INFORMATIONITEM,Filler Informationitem,FILLER_INFORMATIONITEM,0.210,SDG.GENERIC,sdg,An information content entity that encodes metadata associated with a social tagging activity. — Class: {InformationItem:Class} EquivalentTo: cco:ont00000958 and sdg:encodesTaggingMetadata some bfo:0000040,family=08_derived; slots=InformationItem,
SDG.GENERIC.FILLER_INFORMATIONSYSTEM,Filler Informationsystem,FILLER_INFORMATIONSYSTEM,0.211,SDG.GENERIC,sdg,"A communication system configured to manage, store, and process clinical documentation data. — Class: {InformationSystem:Class} EquivalentTo: cco:ont00001036 and sdg:managesClinicalDocumentationData some cco:ont00000958",family=08_derived; slots=InformationSystem,
SDG.GENERIC.FILLER_INSPECTIONEVENT,Filler Inspectionevent,FILLER_INSPECTIONEVENT,0.212,SDG.GENERIC,sdg,"An act of observation conducted to verify compliance or condition, resulting in documented outcomes. — Class: {InspectionEvent:Class} EquivalentTo: cco:ont00000037 and sdg:recordsInspectionOutcome some cco:ont00000958",family=08_derived; slots=InspectionEvent,
SDG.GENERIC.FILLER_INTELLIGENCEOUTPUT,Filler Intelligenceoutput,FILLER_INTELLIGENCEOUTPUT,0.213,SDG.GENERIC,sdg,An information processing artifact generated as the result of analyzing healthcare data to derive actionable insights. — Class: {IntelligenceOutput:Class} EquivalentTo: cco:ont00000117 and sdg:resultsFromHealthcareAnalytics some bfo:0000015,family=08_derived; slots=IntelligenceOutput,
SDG.GENERIC.FILLER_INTERDISCIPLINARYEDUCATION,Filler Interdisciplinaryeducation,FILLER_INTERDISCIPLINARYEDUCATION,0.214,SDG.GENERIC,sdg,An instructional process that integrates knowledge and methodologies from multiple academic disciplines. — Class: {InterdisciplinaryEducation:Class} EquivalentTo: cco:ont00001266 and sdg:integratesMultipleDisciplines some bfo:0000040,family=08_derived; slots=InterdisciplinaryEducation,
SDG.GENERIC.FILLER_INVESTMENTCHOICEDECISION,Filler Investmentchoicedecision,FILLER_INVESTMENTCHOICEDECISION,0.215,SDG.GENERIC,sdg,An information processing act that selects a specific financial investment option among available alternatives. — Class: {InvestmentChoiceDecision:Class} EquivalentTo: cco:ont00000366 and sdg:selectsInvestmentOption some cco:ont00000608,family=08_derived; slots=InvestmentChoiceDecision,
SDG.GENERIC.FILLER_INVESTORFUNDINGSITUATION,Filler Investorfundingsituation,FILLER_INVESTORFUNDINGSITUATION,0.216,SDG.GENERIC,sdg,An act of funding where financial resources are allocated by an investor to support a business venture. — Class: {InvestorFundingSituation:Class} EquivalentTo: cco:ont00000322 and sdg:providedByInvestor some sdg:InstitutionalInvestor,family=08_derived; slots=InvestorFundingSituation,
SDG.GENERIC.FILLER_INVESTORRELATIONSACTIVITY,Filler Investorrelationsactivity,FILLER_INVESTORRELATIONSACTIVITY,0.217,SDG.GENERIC,sdg,An organizational activity focused on managing communication and relationships between a company and its investors. — Class: {InvestorRelationsActivity:Class} EquivalentTo: sdg:OrganizationalActivity and sdg:managesInvestorCommunication some sdg:InstitutionalInvestor,family=08_derived; slots=InvestorRelationsActivity,
SDG.GENERIC.FILLER_KEYFRAMETIMELINE,Filler Keyframetimeline,FILLER_KEYFRAMETIMELINE,0.218,SDG.GENERIC,sdg,A temporal interval that marks the specific time points for keyframes in an animation sequence. — Class: {KeyframeTimeline:Class} EquivalentTo: cco:BFO_0000202 and sdg:marksAnimationKeyframes some bfo:0000040,family=08_derived; slots=KeyframeTimeline,
SDG.GENERIC.FILLER_LATERALRESTRAINTSTRAP,Filler Lateralrestraintstrap,FILLER_LATERALRESTRAINTSTRAP,0.219,SDG.GENERIC,sdg,A prosthetic component designed to provide lateral restraint and stabilization during use. — Class: {LateralRestraintStrap:Class} EquivalentTo: cco:ont00000715 and sdg:providesLateralRestraint some bfo:0000040,family=08_derived; slots=LateralRestraintStrap,
SDG.GENERIC.FILLER_LAWENFORCEMENTAGENCY,Filler Lawenforcementagency,FILLER_LAWENFORCEMENTAGENCY,0.220,SDG.GENERIC,sdg,"A government organization empowered to enforce laws, maintain public order, and prevent crime. — Class: {LawEnforcementAgency:Class} EquivalentTo: cco:ont00000408 and sdg:enforcesLaws some bfo:0000040",family=08_derived; slots=LawEnforcementAgency,
SDG.GENERIC.FILLER_MARITALSTATE,Filler Maritalstate,FILLER_MARITALSTATE,0.221,SDG.GENERIC,sdg,A constituent state that indicates the marital condition of a person. — Class: {MaritalState:Class} EquivalentTo: cco:ont00000934 and sdg:indicatesMaritalStatus some cco:ont00000895,family=08_derived; slots=MaritalState,
SDG.GENERIC.FILLER_MARKETDEMAND,Filler Marketdemand,FILLER_MARKETDEMAND,0.222,SDG.GENERIC,sdg,A financial value that quantifies the desire of consumers for a specific stock or commodity. — Class: {MarketDemand:Class} EquivalentTo: cco:ont00000608 and sdg:quantifiesDesireFor some cco:ont00001278,family=08_derived; slots=MarketDemand,
SDG.GENERIC.FILLER_MARKETTREND,Filler Markettrend,FILLER_MARKETTREND,0.223,SDG.GENERIC,sdg,A financial value that indicates the directional change or pattern of a stock over time. — Class: {MarketTrend:Class} EquivalentTo: cco:ont00000608 and sdg:indicatesDirectionalChangeIn some cco:ont00001278,family=08_derived; slots=MarketTrend,
SDG.GENERIC.FILLER_MARKETINGPLAN,Filler Marketingplan,FILLER_MARKETINGPLAN,0.224,SDG.GENERIC,sdg,A plan that outlines the promotional strategies and activities for a commercial initiative. — Class: {MarketingPlan:Class} EquivalentTo: cco:ont00000974 and sdg:outlinesPromotionalStrategy some bfo:0000015,family=08_derived; slots=MarketingPlan,
SDG.GENERIC.FILLER_MATHEMATICALCONCEPT,Filler Mathematicalconcept,FILLER_MATHEMATICALCONCEPT,0.225,SDG.GENERIC,sdg,A subject concept that underpins mathematical reasoning and abstract quantitative relationships. — Class: {MathematicalConcept:Class} EquivalentTo: sdg:SubjectConcept and sdg:underpinsMathematicalReasoning some cco:ont00000653,family=08_derived; slots=MathematicalConcept,
SDG.GENERIC.FILLER_MEASUREMENTPARAMETER,Filler Measurementparameter,FILLER_MEASUREMENTPARAMETER,0.226,SDG.GENERIC,sdg,A measurement unit that quantifies a specific physical property or dimension. — Class: {MeasurementParameter:Class} EquivalentTo: cco:ont00000120 and sdg:quantifiesPhysicalProperty some bfo:0000019,family=08_derived; slots=MeasurementParameter,
SDG.GENERIC.FILLER_MEMBER,Filler Member,FILLER_MEMBER,0.227,SDG.GENERIC,sdg,An organization member role that confers participation and benefit eligibility within a group. — Class: {Member:Class} EquivalentTo: cco:ont00000175 and sdg:participatesInGroup some cco:ont00000914,family=08_derived; slots=Member,
SDG.GENERIC.FILLER_MEMBERSHIP,Filler Membership,FILLER_MEMBERSHIP,0.228,SDG.GENERIC,sdg,An act of social group membership that establishes an individual's formal affiliation with an organization. — Class: {Membership:Class} EquivalentTo: cco:ont00000744 and sdg:establishesOrganizationalAffiliation some cco:ont00001180,family=08_derived; slots=Membership,
SDG.GENERIC.FILLER_MINORPERSON,Filler Minorperson,FILLER_MINORPERSON,0.229,SDG.GENERIC,sdg,A person who falls under the youth demographic and has an age below the legal age of majority. — Class: {MinorPerson:Class} EquivalentTo: cco:ont00001262 and sdg:hasAgeBelowLegalMajority some bfo:0000019,family=08_derived; slots=MinorPerson,
SDG.GENERIC.FILLER_PATIENT,Filler Patient,FILLER_PATIENT,0.230,SDG.GENERIC,sdg,A person who is receiving or has received clinical care. — Class: {Patient:Class} EquivalentTo: cco:ont00001262 and sdg:participates_in some sdg:ClinicalCare,family=08_derived; slots=Patient,
SDG.GENERIC.FILLER_PDFDOCUMENT,Filler Pdfdocument,FILLER_PDFDOCUMENT,0.231,SDG.GENERIC,sdg,A document content entity encoded in the Portable Document Format. — Class: {PdfDocument:Class} EquivalentTo: cco:ont00002039 and sdg:hasFormat some sdg:PdfFormat,family=08_derived; slots=PdfDocument,
SDG.GENERIC.FILLER_PERSONALDATARECORD,Filler Personaldatarecord,FILLER_PERSONALDATARECORD,0.232,SDG.GENERIC,sdg,A document content entity that contains personally identifiable information about an individual. — Class: {PersonalDataRecord:Class} EquivalentTo: cco:ont00002039 and sdg:contains some sdg:PersonallyIdentifiableInformation,family=08_derived; slots=PersonalDataRecord,
SDG.GENERIC.FILLER_POLICYVIOLATION,Filler Policyviolation,FILLER_POLICYVIOLATION,0.233,SDG.GENERIC,sdg,A planned act that contravenes a specified institutional policy. — Class: {PolicyViolation:Class} EquivalentTo: cco:ont00000228 and sdg:violates some sdg:SchoolSecurityPolicy,family=08_derived; slots=PolicyViolation,
SDG.GENERIC.FILLER_PRACTICEMANAGEMENTTOPIC,Filler Practicemanagementtopic,FILLER_PRACTICEMANAGEMENTTOPIC,0.234,SDG.GENERIC,sdg,A training instruction act focused on the management aspects of a professional practice. — Class: {PracticeManagementTopic:Class} EquivalentTo: cco:ont00001075 and sdg:addresses some sdg:RiskManagementActivity,family=08_derived; slots=PracticeManagementTopic,
SDG.GENERIC.FILLER_PRACTICESESSION,Filler Practicesession,FILLER_PRACTICESESSION,0.235,SDG.GENERIC,sdg,An act of training conducted specifically to improve professional skills through repetition. — Class: {PracticeSession:Class} EquivalentTo: cco:ont00000234 and sdg:hasPurpose some sdg:SkillImprovement,family=08_derived; slots=PracticeSession,
SDG.GENERIC.FILLER_PREDICATECONCEPT,Filler Predicateconcept,FILLER_PREDICATECONCEPT,0.236,SDG.GENERIC,sdg,A representational information content entity that expresses a constructed predicate. — Class: {PredicateConcept:Class} EquivalentTo: cco:ont00001069 and sdg:expresses some sdg:ConstructedPredicate,family=08_derived; slots=PredicateConcept,
SDG.GENERIC.FILLER_PREVALENCERATE,Filler Prevalencerate,FILLER_PREVALENCERATE,0.237,SDG.GENERIC,sdg,A frequency representing the proportion of individuals in a specified population who have a particular condition or characteristic at a given time. — Class: {PrevalenceRate:Class} EquivalentTo: cco:ont00001047 and sdg:appliesToPopulation some sdg:Population,family=08_derived; slots=PrevalenceRate,
SDG.GENERIC.FILLER_PROGRAMOFSTUDY,Filler Programofstudy,FILLER_PROGRAMOFSTUDY,0.238,SDG.GENERIC,sdg,A structured course of educational instruction designed to lead to the attainment of an academic degree. — Class: {ProgramOfStudy:Class} EquivalentTo: cco:ont00000463 and sdg:leadsToAcademicDegree some sdg:AcademicDegree,family=08_derived; slots=ProgramOfStudy,
SDG.GENERIC.FILLER_PROPERTYOWNER,Filler Propertyowner,FILLER_PROPERTYOWNER,0.239,SDG.GENERIC,sdg,An occupation role held by an individual or entity that legally possesses rights to a specific property or asset. — Class: {PropertyOwner:Class} EquivalentTo: cco:ont00000984 and sdg:holdsOwnershipOf some cco:ont00001336,family=08_derived; slots=PropertyOwner,
SDG.GENERIC.FILLER_PUBLICINFORMATIONOFFICER,Filler Publicinformationofficer,FILLER_PUBLICINFORMATIONOFFICER,0.240,SDG.GENERIC,sdg,A government organization role responsible for managing and disseminating public information and media relations. — Class: {PublicInformationOfficer:Class} EquivalentTo: cco:ont00000408 and sdg:managesPublicInformation some cco:ont00000366,family=08_derived; slots=PublicInformationOfficer,
SDG.GENERIC.FILLER_QOSCONSTRAINT,Filler Qosconstraint,FILLER_QOSCONSTRAINT,0.241,SDG.GENERIC,sdg,A quality specification that defines acceptable performance limits or requirements for a service within an agreement. — Class: {QoSConstraint:Class} EquivalentTo: bfo:0000019 and sdg:constrainsServicePerformance some sdg:ServiceMetric,family=08_derived; slots=QoSConstraint,
SDG.GENERIC.FILLER_QUALITYIMPROVEMENTFRAMEWORK,Filler Qualityimprovementframework,FILLER_QUALITYIMPROVEMENTFRAMEWORK,0.242,SDG.GENERIC,sdg,A structured quality specification that provides a systematic approach for planning and executing quality improvement initiatives. — Class: {QualityImprovementFramework:Class} EquivalentTo: cco:ont00000575 and sdg:structuresQualityImprovement some cco:ont00000131,family=08_derived; slots=QualityImprovementFramework,
SDG.GENERIC.FILLER_QUANTITATIVEANALYTICTOOL,Filler Quantitativeanalytictool,FILLER_QUANTITATIVEANALYTICTOOL,0.243,SDG.GENERIC,sdg,A tool specifically designed or utilized to perform numerical analysis and data interpretation within a clinical or research context. — Class: {QuantitativeAnalyticTool:Class} EquivalentTo: cco:ont00000581 and sdg:usedForQuantitativeAnalysis some cco:ont00000353,family=08_derived; slots=QuantitativeAnalyticTool,
SDG.GENERIC.FILLER_RAFFLECONDUCTINGACTIVITY,Filler Raffleconductingactivity,FILLER_RAFFLECONDUCTINGACTIVITY,0.244,SDG.GENERIC,sdg,An organizational activity centered on organizing and executing a raffle draw for fundraising or promotional purposes. — Class: {RaffleConductingActivity:Class} EquivalentTo: sdg:OrganizationalActivity and sdg:conductsRaffle some sdg:Raffle,family=08_derived; slots=RaffleConductingActivity,
SDG.GENERIC.FILLER_RECEIVINGFACILITYSTAFF,Filler Receivingfacilitystaff,FILLER_RECEIVINGFACILITYSTAFF,0.245,SDG.GENERIC,sdg,Personnel associated with a healthcare facility responsible for receiving and processing communicable disease notifications. — Class: {ReceivingFacilityStaff:Class} EquivalentTo: cco:ont00000192 and sdg:employedByFacility some cco:ont00000055,family=08_derived; slots=ReceivingFacilityStaff,
SDG.GENERIC.FILLER_RECOVEREDSTATE,Filler Recoveredstate,FILLER_RECOVEREDSTATE,0.246,SDG.GENERIC,sdg,A constituent state representing the successful restoration of health or nutritional status following a period of deficiency or illness. — Class: {RecoveredState:Class} EquivalentTo: cco:ont00000934 and sdg:indicatesRecoveryFrom some sdg:VulnerabilityState,family=08_derived; slots=RecoveredState,
SDG.GENERIC.FILLER_SERVICEMANAGEMENTPROCESS,Filler Servicemanagementprocess,FILLER_SERVICEMANAGEMENTPROCESS,0.247,SDG.GENERIC,sdg,A telemetry process that coordinates the provision of a service type. — Class: {ServiceManagementProcess:Class} EquivalentTo: cco:ont00001330 and sdg:coordinatesServiceProvision some sdg:ServiceType,family=08_derived; slots=ServiceManagementProcess,
SDG.GENERIC.FILLER_SERVICEPERFORMANCEMETRIC,Filler Serviceperformancemetric,FILLER_SERVICEPERFORMANCEMETRIC,0.248,SDG.GENERIC,sdg,A performance specification that measures the performance of a service type. — Class: {ServicePerformanceMetric:Class} EquivalentTo: cco:ont00000127 and sdg:measuresServicePerformance some sdg:ServiceType,family=08_derived; slots=ServicePerformanceMetric,
SDG.GENERIC.FILLER_SERVICEPROVIDER,Filler Serviceprovider,FILLER_SERVICEPROVIDER,0.249,SDG.GENERIC,sdg,A material entity that provides a service function. — Class: {ServiceProvider:Class} EquivalentTo: bfo:0000040 and sdg:providesServiceFunction some sdg:ServiceFunction,family=08_derived; slots=ServiceProvider,
SDG.GENERIC.FILLER_SERVICEPROVISIONACTIVITY,Filler Serviceprovisionactivity,FILLER_SERVICEPROVISIONACTIVITY,0.250,SDG.GENERIC,sdg,A process that delivers a service type. — Class: {ServiceProvisionActivity:Class} EquivalentTo: bfo:0000015 and sdg:deliversServiceType some sdg:ServiceType,family=08_derived; slots=ServiceProvisionActivity,
SDG.GENERIC.FILLER_SERVICEREQUEST,Filler Servicerequest,FILLER_SERVICEREQUEST,0.251,SDG.GENERIC,sdg,An act of requesting that requests a service function. — Class: {ServiceRequest:Class} EquivalentTo: cco:ont00000769 and sdg:requestsServiceFunction some sdg:ServiceFunction,family=08_derived; slots=ServiceRequest,
SDG.GENERIC.FILLER_SIGNIFICANCELEVEL,Filler Significancelevel,FILLER_SIGNIFICANCELEVEL,0.252,SDG.GENERIC,sdg,A ratio measurement information content entity that indicates the statistical significance of a qualification level. — Class: {SignificanceLevel:Class} EquivalentTo: cco:ont00001022 and sdg:indicatesStatisticalSignificance some sdg:QualificationLevel,family=08_derived; slots=SignificanceLevel,
SDG.GENERIC.FILLER_SIMULATIONSOFTWARE,Filler Simulationsoftware,FILLER_SIMULATIONSOFTWARE,0.253,SDG.GENERIC,sdg,A computing artifact function that executes an artifact model for simulation purposes. — Class: {SimulationSoftware:Class} EquivalentTo: cco:ont00000932 and sdg:executesSimulation some cco:ont00001045,family=08_derived; slots=SimulationSoftware,
SDG.GENERIC.FILLER_SLAVICLINGUISTICROOT,Filler Slaviclinguisticroot,FILLER_SLAVICLINGUISTICROOT,0.254,SDG.GENERIC,sdg,A language that constitutes a historical root for Slavic linguistic development. — Class: {SlavicLinguisticRoot:Class} EquivalentTo: cco:ont00001175 and sdg:constitutesHistoricalRoot some cco:ont00001175,family=08_derived; slots=SlavicLinguisticRoot,
SDG.GENERIC.FILLER_SOCIALHARMONYRESTORATION,Filler Socialharmonyrestoration,FILLER_SOCIALHARMONYRESTORATION,0.255,SDG.GENERIC,sdg,A social act that restores harmony within a social network. — Class: {SocialHarmonyRestoration:Class} EquivalentTo: cco:ont00001327 and sdg:restoresSocialHarmony some cco:ont00001183,family=08_derived; slots=SocialHarmonyRestoration,
SDG.GENERIC.FILLER_SOCIALMEDIAACCOUNTMANAGEMENTPROCESS,Filler Socialmediaaccountmanagementprocess,FILLER_SOCIALMEDIAACCOUNTMANAGEMENTPROCESS,0.256,SDG.GENERIC,sdg,A process that manages account authorization records for social networking services. — Class: {SocialMediaAccountManagementProcess:Class} EquivalentTo: bfo:0000015 and sdg:managesAccountAuthorizationRecord some sdg:AccountAuthorizationRecord,family=08_derived; slots=SocialMediaAccountManagementProcess,
SDG.GENERIC.FILLER_SOCIALNETWORKINGSERVICETYPE,Filler Socialnetworkingservicetype,FILLER_SOCIALNETWORKINGSERVICETYPE,0.257,SDG.GENERIC,sdg,A service type that covers social networking service usage. — Class: {SocialNetworkingServiceType:Class} EquivalentTo: sdg:ServiceType and sdg:coversSocialNetworkingServiceUsage some sdg:SocialNetworkingServiceUsage,family=08_derived; slots=SocialNetworkingServiceType,
SDG.GENERIC.FILLER_SOCIALSERVICESDEPARTMENT,Filler Socialservicesdepartment,FILLER_SOCIALSERVICESDEPARTMENT,0.258,SDG.GENERIC,sdg,A government organization that administers social services. — Class: {SocialServicesDepartment:Class} EquivalentTo: cco:ont00000408 and sdg:administersSocialServices some sdg:ServiceUsageCategory,family=08_derived; slots=SocialServicesDepartment,
SDG.GENERIC.FILLER_SOCIALTAG,Filler Socialtag,FILLER_SOCIALTAG,0.259,SDG.GENERIC,sdg,An information content entity that labels social networking service usage. — Class: {SocialTag:Class} EquivalentTo: cco:ont00000958 and sdg:labelsSocialNetworkingServiceUsage some sdg:SocialNetworkingServiceUsage,family=08_derived; slots=SocialTag,
SDG.GENERIC.FILLER_SOFTWAREINTERFACE,Filler Softwareinterface,FILLER_SOFTWAREINTERFACE,0.260,SDG.GENERIC,sdg,A generically dependent continuant that enables data export to a database. — Class: {SoftwareInterface:Class} EquivalentTo: bfo:0000031 and sdg:enablesDataExport some cco:ont00002006,family=08_derived; slots=SoftwareInterface,
SDG.GENERIC.FILLER_SUBJECTCONCEPT,Filler Subjectconcept,FILLER_SUBJECTCONCEPT,0.261,SDG.GENERIC,sdg,A designative information content entity that denotes a specific object or entity. — Class: {SubjectConcept:Class} EquivalentTo: cco:ont00000686 and sdg:has_denotation some bfo:0000002,family=08_derived; slots=SubjectConcept,
SDG.GENERIC.FILLER_TARGETMATERIAL,Filler Targetmaterial,FILLER_TARGETMATERIAL,0.262,SDG.GENERIC,sdg,A portion of material that serves as the target of a targeting act. — Class: {TargetMaterial:Class} EquivalentTo: cco:ont00000457 and sdg:is_target_of some cco:ont00000741,family=08_derived; slots=TargetMaterial,
SDG.GENERIC.FILLER_TAXIRIDEPROCESS,Filler Taxirideprocess,FILLER_TAXIRIDEPROCESS,0.263,SDG.GENERIC,sdg,An act of travel that involves the use of a vehicle for passenger transport. — Class: {TaxiRideProcess:Class} EquivalentTo: cco:ont00000890 and sdg:participates_in some cco:ont00000515,family=08_derived; slots=TaxiRideProcess,
SDG.GENERIC.FILLER_TEAMFUNCTION,Filler Teamfunction,FILLER_TEAMFUNCTION,0.264,SDG.GENERIC,sdg,A function that is realized in a crew or team organization. — Class: {TeamFunction:Class} EquivalentTo: bfo:0000034 and sdg:realized_in some cco:ont00001284,family=08_derived; slots=TeamFunction,
SDG.GENERIC.FILLER_TELESALESACTIVITY,Filler Telesalesactivity,FILLER_TELESALESACTIVITY,0.265,SDG.GENERIC,sdg,A process that conducts sales activities via telephone communication. — Class: {TeleSalesActivity:Class} EquivalentTo: bfo:0000015 and sdg:uses_communication_medium some cco:ont00000907,family=08_derived; slots=TeleSalesActivity,
SDG.GENERIC.FILLER_TELESCOPEINSTRUMENTARTIFACT,Filler Telescopeinstrumentartifact,FILLER_TELESCOPEINSTRUMENTARTIFACT,0.266,SDG.GENERIC,sdg,A telescope artifact that is functionally configured for astronomical observation. — Class: {TelescopeInstrumentArtifact:Class} EquivalentTo: cco:ont00000547 and sdg:has_function some sdg:ObservationFunction,family=08_derived; slots=TelescopeInstrumentArtifact,
SDG.GENERIC.FILLER_TESTSTATISTIC,Filler Teststatistic,FILLER_TESTSTATISTIC,0.267,SDG.GENERIC,sdg,A probability measurement information content entity that results from a hypothesis test. — Class: {TestStatistic:Class} EquivalentTo: cco:ont00000692 and sdg:is_result_of some sdg:HypothesisTest,family=08_derived; slots=TestStatistic,
SDG.GENERIC.FILLER_THREATINFORMATION,Filler Threatinformation,FILLER_THREATINFORMATION,0.268,SDG.GENERIC,sdg,An information bearing entity that describes a vulnerability or risk state. — Class: {ThreatInformation:Class} EquivalentTo: cco:ont00000253 and sdg:describes some cco:ont00000548,family=08_derived; slots=ThreatInformation,
SDG.GENERIC.FILLER_AGENDASUBJECT,Filler Agendasubject,FILLER_AGENDASUBJECT,0.269,SDG.GENERIC,sdg,A concept that serves as the subject of discussion in a board meeting agenda item. — Class: {AgendaSubject:Class} EquivalentTo: sdg:SubjectConcept and sdg:subjectOf some sdg:BoardMeetingAgendaItem,family=08_derived; slots=AgendaSubject,
SDG.GENERIC.FILLER_APPROVALRECOMMENDATION,Filler Approvalrecommendation,FILLER_APPROVALRECOMMENDATION,0.270,SDG.GENERIC,sdg,An act of advising that concerns property assessment. — Class: {ApprovalRecommendation:Class} EquivalentTo: cco:ont00000024 and sdg:concernsPropertyAssessment some cco:ont00000024,family=08_derived; slots=ApprovalRecommendation,
SDG.GENERIC.FILLER_ASSESSMENTMETHOD,Filler Assessmentmethod,FILLER_ASSESSMENTMETHOD,0.271,SDG.GENERIC,sdg,An act of appraisal used for standardized evaluation. — Class: {AssessmentMethod:Class} EquivalentTo: cco:ont00000636 and sdg:usedForStandardizedEvaluation some cco:ont00000636,family=08_derived; slots=AssessmentMethod,
SDG.GENERIC.FILLER_ASSESSMENTPARTICIPANT,Filler Assessmentparticipant,FILLER_ASSESSMENTPARTICIPANT,0.272,SDG.GENERIC,sdg,A participant group involved in a team assessment. — Class: {AssessmentParticipant:Class} EquivalentTo: sdg:ParticipantGroup and sdg:involvedInTeamAssessment some sdg:ParticipantGroup,family=08_derived; slots=AssessmentParticipant,
SDG.GENERIC.FILLER_ATHLETICMONITORINGACTIVITY,Filler Athleticmonitoringactivity,FILLER_ATHLETICMONITORINGACTIVITY,0.273,SDG.GENERIC,sdg,A video surveillance activity that tracks athlete performance. — Class: {AthleticMonitoringActivity:Class} EquivalentTo: sdg:VideoSurveillanceActivity and sdg:tracksAthletePerformance some sdg:VideoSurveillanceActivity,family=08_derived; slots=AthleticMonitoringActivity,
SDG.GENERIC.FILLER_AUDITOBJECTIVE,Filler Auditobjective,FILLER_AUDITOBJECTIVE,0.274,SDG.GENERIC,sdg,An objective that guides an internal audit. — Class: {AuditObjective:Class} EquivalentTo: cco:ont00000476 and sdg:guidesInternalAudit some cco:ont00000476,family=08_derived; slots=AuditObjective,
SDG.GENERIC.FILLER_AUTHORIZEDENTITY,Filler Authorizedentity,FILLER_AUTHORIZEDENTITY,0.275,SDG.GENERIC,sdg,An organization member that holds authorization. — Class: {AuthorizedEntity:Class} EquivalentTo: cco:ont00000647 and sdg:holdsAuthorization some cco:ont00000647,family=08_derived; slots=AuthorizedEntity,
SDG.GENERIC.FILLER_AUTOHEMOTHERAPYPROCEDURE,Filler Autohemotherapyprocedure,FILLER_AUTOHEMOTHERAPYPROCEDURE,0.276,SDG.GENERIC,sdg,A process that involves autotransfusion. — Class: {AutohemotherapyProcedure:Class} EquivalentTo: bfo:0000015 and sdg:involvesAutotransfusion some bfo:0000015,family=08_derived; slots=AutohemotherapyProcedure,
SDG.GENERIC.FILLER_AUTOMATEDSYSTEM,Filler Automatedsystem,FILLER_AUTOMATEDSYSTEM,0.277,SDG.GENERIC,sdg,A control system that operates without human intervention. — Class: {AutomatedSystem:Class} EquivalentTo: cco:ont00000781 and sdg:operatesWithoutHumanIntervention some cco:ont00000781,family=08_derived; slots=AutomatedSystem,
SDG.GENERIC.FILLER_AVAILABLETOPPING,Filler Availabletopping,FILLER_AVAILABLETOPPING,0.278,SDG.GENERIC,sdg,A portion of food available for consumption. — Class: {AvailableTopping:Class} EquivalentTo: cco:ont00000307 and sdg:availableForConsumption some cco:ont00000307,family=08_derived; slots=AvailableTopping,
SDG.GENERIC.FILLER_BOARDMEMBER,Filler Boardmember,FILLER_BOARDMEMBER,0.279,SDG.GENERIC,sdg,An organization member role that holds a seat on a board. — Class: {BoardMember:Class} EquivalentTo: cco:ont00000175 and sdg:holdsSeatOnBoard some cco:ont00000175,family=08_derived; slots=BoardMember,
SDG.GENERIC.FILLER_BOARDOFASSESSORSMEETING,Filler Boardofassessorsmeeting,FILLER_BOARDOFASSESSORSMEETING,0.280,SDG.GENERIC,sdg,An act of meeting conducted by assessors. — Class: {BoardOfAssessorsMeeting:Class} EquivalentTo: cco:ont00000144 and sdg:conductedByAssessors some cco:ont00000144,family=08_derived; slots=BoardOfAssessorsMeeting,
SDG.GENERIC.FILLER_BOARDOFEQUALIZATION,Filler Boardofequalization,FILLER_BOARDOFEQUALIZATION,0.281,SDG.GENERIC,sdg,A board that handles tax appeals. — Class: {BoardOfEqualization:Class} EquivalentTo: sdg:Board and sdg:handlesTaxAppeals some sdg:Board,family=08_derived; slots=BoardOfEqualization,
SDG.GENERIC.FILLER_BUILDINGFLOORSTRUCTURE,Filler Buildingfloorstructure,FILLER_BUILDINGFLOORSTRUCTURE,0.282,SDG.GENERIC,sdg,An intermediate floor assembly that constitutes a level of a building. — Class: {BuildingFloorStructure:Class} EquivalentTo: sdg:IntermediateFloorAssembly and sdg:constitutesLevelOfBuilding some sdg:IntermediateFloorAssembly,family=08_derived; slots=BuildingFloorStructure,
SDG.GENERIC.FILLER_CYBERSECURITYINCIDENT,Filler Cybersecurityincident,FILLER_CYBERSECURITYINCIDENT,0.283,SDG.GENERIC,sdg,A cyber security incident is a process that participates in a computer network and involves a communication security aspect. — Class: {CyberSecurityIncident:Class} EquivalentTo: bfo:0000015 and cco:participates_in some cco:ont00000700 and cco:involves some sdg:CommunicationSecurityAspect,family=08_derived; slots=CyberSecurityIncident,
SDG.GENERIC.FILLER_DATACOLLECTIONPROCESS,Filler Datacollectionprocess,FILLER_DATACOLLECTIONPROCESS,0.284,SDG.GENERIC,sdg,A data collection process is an act of information processing that accomplishes a monitoring protocol and has a database as a participant. — Class: {DataCollectionProcess:Class} EquivalentTo: cco:ont00000366 and cco:accomplishes some sdg:MonitoringProtocol and cco:has_participant some cco:ont00002006,family=08_derived; slots=DataCollectionProcess,
SDG.GENERIC.FILLER_DATAINPUT,Filler Datainput,FILLER_DATAINPUT,0.285,SDG.GENERIC,sdg,A data input is an act of information processing that has a form document as a participant and involves a database. — Class: {DataInput:Class} EquivalentTo: cco:ont00000366 and cco:has_participant some cco:ont00002044 and cco:involves some cco:ont00002006,family=08_derived; slots=DataInput,
SDG.GENERIC.FILLER_DECISIONMAKINGPROCESS,Filler Decisionmakingprocess,FILLER_DECISIONMAKINGPROCESS,0.286,SDG.GENERIC,sdg,A decision making process is an act of planning that has a decision action and a decision transition action as parts. — Class: {DecisionMakingProcess:Class} EquivalentTo: cco:ont00000511 and cco:has_part some sdg:DecisionAction and cco:has_part some sdg:DecisionTransitionAction,family=08_derived; slots=DecisionMakingProcess,
SDG.GENERIC.FILLER_DEGRADEDSYSTEMCONDITION,Filler Degradedsystemcondition,FILLER_DEGRADEDSYSTEMCONDITION,0.287,SDG.GENERIC,sdg,A degraded system condition is a decrease of function that inheres in a state action and has a loss of dependent continuant as a quality. — Class: {DegradedSystemCondition:Class} EquivalentTo: cco:ont00000982 and cco:inheres_in some sdg:StateAction and cco:has_quality some cco:ont00000876,family=08_derived; slots=DegradedSystemCondition,
SDG.GENERIC.FILLER_DEPARTINGEMPLOYEE,Filler Departingemployee,FILLER_DEPARTINGEMPLOYEE,0.288,SDG.GENERIC,sdg,A departing employee is an organization member role that is realized in an act of departure and has an act of employment by an organization as a participant. — Class: {DepartingEmployee:Class} EquivalentTo: cco:ont00000175 and cco:realized_in some cco:ont00000520 and cco:has_participant some cco:ont00001226,family=08_derived; slots=DepartingEmployee,
SDG.GENERIC.FILLER_GEOGRAPHICREGION,Filler Geographicregion,FILLER_GEOGRAPHICREGION,0.289,SDG.GENERIC,sdg,A geospatial region defined by its bounded spatial extent or administrative jurisdiction. — Class: {GeographicRegion:Class} EquivalentTo: cco:ont00000472 and sdg:has_geospatial_boundary some cco:ont00000487,family=08_derived; slots=GeographicRegion,
SDG.GENERIC.FILLER_GOVERNANCEFUNCTION,Filler Governancefunction,FILLER_GOVERNANCEFUNCTION,0.290,SDG.GENERIC,sdg,A function that enables an entity to exercise administrative authority or oversight over an organization or domain. — Class: {GovernanceFunction:Class} EquivalentTo: cco:BFO_0000034 and sdg:exercises_governance some cco:ont00000408,family=08_derived; slots=GovernanceFunction,
SDG.GENERIC.FILLER_HSSSEQ_SITUATION,Filler Hssseq Situation,FILLER_HSSSEQ_SITUATION,0.291,SDG.GENERIC,sdg,A stasis condition documenting the operational status or readiness level of a system or unit. — Class: {HSSSEQ_Situation:Class} EquivalentTo: cco:ont00000819 and sdg:represents_operational_stasis some cco:ont00001191,family=08_derived; slots=HSSSEQ_Situation,
SDG.GENERIC.FILLER_HEALTHCARESUMMARY,Filler Healthcaresummary,FILLER_HEALTHCARESUMMARY,0.292,SDG.GENERIC,sdg,An information content entity that consolidates key clinical care and outcome data for a patient. — Class: {HealthCareSummary:Class} EquivalentTo: cco:ont00000958 and sdg:summarizes_clinical_care some sdg:ClinicalCare,family=08_derived; slots=HealthCareSummary,
SDG.GENERIC.FILLER_HEALTHSTANDARDCOMPLIANCE,Filler Healthstandardcompliance,FILLER_HEALTHSTANDARDCOMPLIANCE,0.293,SDG.GENERIC,sdg,A quality specification documenting adherence to established health and safety standards. — Class: {HealthStandardCompliance:Class} EquivalentTo: cco:ont00000575 and sdg:verifies_compliance some cco:ont00000575,family=08_derived; slots=HealthStandardCompliance,
SDG.GENERIC.FILLER_HEALTHCAREAGENT,Filler Healthcareagent,FILLER_HEALTHCAREAGENT,0.294,SDG.GENERIC,sdg,An agent that delivers or coordinates healthcare services within a medical facility or community. — Class: {HealthcareAgent:Class} EquivalentTo: cco:ont00001017 and sdg:provides_healthcare some cco:ont00000055,family=08_derived; slots=HealthcareAgent,
SDG.GENERIC.FILLER_LAWENFORCEMENTPERSONNEL,Filler Lawenforcementpersonnel,FILLER_LAWENFORCEMENTPERSONNEL,0.295,SDG.GENERIC,sdg,A civilian role filled by an individual who performs law enforcement duties. — Class: {LawEnforcementPersonnel:Class} EquivalentTo: cco:ont00000173 and sdg:performsLawEnforcementDuties some bfo:0000015,family=08_derived; slots=LawEnforcementPersonnel,
SDG.GENERIC.FILLER_LECTURENOTES,Filler Lecturenotes,FILLER_LECTURENOTES,0.296,SDG.GENERIC,sdg,A material copy of a transcript that records the content of a lecture session. — Class: {LectureNotes:Class} EquivalentTo: cco:ont00000069 and sdg:recordsLectureContent some bfo:0000015,family=08_derived; slots=LectureNotes,
SDG.GENERIC.FILLER_LEGALADVERTISEMENTACTIVITY,Filler Legaladvertisementactivity,FILLER_LEGALADVERTISEMENTACTIVITY,0.297,SDG.GENERIC,sdg,A legal system act that promotes legal services to the public. — Class: {LegalAdvertisementActivity:Class} EquivalentTo: cco:ont00001314 and sdg:promotesLegalServices some bfo:0000015,family=08_derived; slots=LegalAdvertisementActivity,
SDG.GENERIC.FILLER_LEGALENTITYORPERSON,Filler Legalentityorperson,FILLER_LEGALENTITYORPERSON,0.298,SDG.GENERIC,sdg,A material entity that holds formal legal personhood status. — Class: {LegalEntityOrPerson:Class} EquivalentTo: bfo:0000040 and sdg:hasLegalPersonhood some bfo:0000019,family=08_derived; slots=LegalEntityOrPerson,
SDG.GENERIC.FILLER_LEGALPROFESSIONAL,Filler Legalprofessional,FILLER_LEGALPROFESSIONAL,0.299,SDG.GENERIC,sdg,A legal advocate role filled by an individual who possesses formal legal qualifications. — Class: {LegalProfessional:Class} EquivalentTo: sdg:LegalAdvocateRole and sdg:possessesLegalQualifications some bfo:0000019,family=08_derived; slots=LegalProfessional,
SDG.GENERIC.FILLER_LEGALTECHSOLUTIONLAB,Filler Legaltechsolutionlab,FILLER_LEGALTECHSOLUTIONLAB,0.300,SDG.GENERIC,sdg,A commercial organization dedicated to fostering legal technology innovation. — Class: {LegalTechSolutionLab:Class} EquivalentTo: cco:ont00000443 and sdg:fostersLegalTechnologyInnovation some bfo:0000015,family=08_derived; slots=LegalTechSolutionLab,
SDG.GENERIC.FILLER_LEGISLATIVEDEPARTMENT,Filler Legislativedepartment,FILLER_LEGISLATIVEDEPARTMENT,0.301,SDG.GENERIC,sdg,A government organization responsible for handling legislative affairs. — Class: {LegislativeDepartment:Class} EquivalentTo: cco:ont00000408 and sdg:handlesLegislativeAffairs some bfo:0000015,family=08_derived; slots=LegislativeDepartment,
SDG.GENERIC.FILLER_LIFEGUARDSTAFF,Filler Lifeguardstaff,FILLER_LIFEGUARDSTAFF,0.302,SDG.GENERIC,sdg,An organization member role filled by staff who ensure aquatic safety. — Class: {LifeguardStaff:Class} EquivalentTo: cco:ont00000175 and sdg:ensuresAquaticSafety some bfo:0000015,family=08_derived; slots=LifeguardStaff,
SDG.GENERIC.FILLER_LOCALAUTHORITY,Filler Localauthority,FILLER_LOCALAUTHORITY,0.303,SDG.GENERIC,sdg,An authority role that exercises jurisdiction over a local administrative region. — Class: {LocalAuthority:Class} EquivalentTo: cco:ont00000187 and sdg:exercisesLocalJurisdiction some bfo:0000015,family=08_derived; slots=LocalAuthority,
SDG.GENERIC.FILLER_LOGINCREDENTIALS,Filler Logincredentials,FILLER_LOGINCREDENTIALS,0.304,SDG.GENERIC,sdg,An account authorization record used to authenticate digital access. — Class: {LoginCredentials:Class} EquivalentTo: sdg:AccountAuthorizationRecord and sdg:authenticatesDigitalAccess some bfo:0000015,family=08_derived; slots=LoginCredentials,
SDG.GENERIC.FILLER_MACHINELEARNINGMODEL,Filler Machinelearningmodel,FILLER_MACHINELEARNINGMODEL,0.305,SDG.GENERIC,sdg,An algorithm that learns from data patterns to make predictions. — Class: {MachineLearningModel:Class} EquivalentTo: cco:ont00000653 and sdg:learnsFromDataPatterns some bfo:0000015,family=08_derived; slots=MachineLearningModel,
SDG.GENERIC.FILLER_MAILDROPLOCATION,Filler Maildroplocation,FILLER_MAILDROPLOCATION,0.306,SDG.GENERIC,sdg,A mailing facility that accepts mail for dispatch. — Class: {MailDropLocation:Class} EquivalentTo: cco:ont00000655 and sdg:acceptsMailForDispatch some bfo:0000015,family=08_derived; slots=MailDropLocation,
SDG.GENERIC.FILLER_MALNOURISHEDCHILD,Filler Malnourishedchild,FILLER_MALNOURISHEDCHILD,0.307,SDG.GENERIC,sdg,A material entity in the developmental stage of childhood that suffers from a nutritional deficiency. — Class: {MalnourishedChild:Class} EquivalentTo: bfo:0000040 and sdg:suffersFromNutritionalDeficiency some cco:ont00000318,family=08_derived; slots=MalnourishedChild,
SDG.GENERIC.FILLER_MONETARYAMOUNT,Filler Monetaryamount,FILLER_MONETARYAMOUNT,0.308,SDG.GENERIC,sdg,A monetary amount is an amount that is denominated in a specific currency unit. — Class: {MonetaryAmount:Class} EquivalentTo: cco:ont00000768 and sdg:denominatedInCurrency some cco:ont00000518,family=08_derived; slots=MonetaryAmount,
SDG.GENERIC.FILLER_MONITORINGPROTOCOL,Filler Monitoringprotocol,FILLER_MONITORINGPROTOCOL,0.309,SDG.GENERIC,sdg,A monitoring protocol is client statistical information that specifies a monitoring procedure for a sensor. — Class: {MonitoringProtocol:Class} EquivalentTo: sdg:ClientStatisticalInformation and sdg:specifiesMonitoringProcedure some cco:ont00000569,family=08_derived; slots=MonitoringProtocol,
SDG.GENERIC.FILLER_MUNICIPALPOOLFACILITY,Filler Municipalpoolfacility,FILLER_MUNICIPALPOOLFACILITY,0.310,SDG.GENERIC,sdg,A municipal pool facility is a facility that serves a municipal recreation purpose. — Class: {MunicipalPoolFacility:Class} EquivalentTo: cco:ont00000192 and sdg:servesMunicipalRecreation some bfo:0000015,family=08_derived; slots=MunicipalPoolFacility,
SDG.GENERIC.FILLER_NETWORKINFRASTRUCTURE,Filler Networkinfrastructure,FILLER_NETWORKINFRASTRUCTURE,0.311,SDG.GENERIC,sdg,A network infrastructure is a telecommunication infrastructure that supports data transmission for a computer network. — Class: {NetworkInfrastructure:Class} EquivalentTo: cco:ont00000954 and sdg:supportsDataTransmission some cco:ont00000700,family=08_derived; slots=NetworkInfrastructure,
SDG.GENERIC.FILLER_NETWORKPROVIDER,Filler Networkprovider,FILLER_NETWORKPROVIDER,0.312,SDG.GENERIC,sdg,A network provider is a service provider that provides network access for a computer network. — Class: {NetworkProvider:Class} EquivalentTo: cco:ont00000509 and sdg:providesNetworkAccess some cco:ont00000700,family=08_derived; slots=NetworkProvider,
SDG.GENERIC.FILLER_NETWORKRESOURCE,Filler Networkresource,FILLER_NETWORKRESOURCE,0.313,SDG.GENERIC,sdg,A network resource is a resource that is allocated to a computer network. — Class: {NetworkResource:Class} EquivalentTo: cco:ont00000740 and sdg:allocatedToNetwork some cco:ont00000700,family=08_derived; slots=NetworkResource,
SDG.GENERIC.FILLER_NETWORKSCRUBBINGCENTER,Filler Networkscrubbingcenter,FILLER_NETWORKSCRUBBINGCENTER,0.314,SDG.GENERIC,sdg,A network scrubbing center is a telecommunication network node that performs a traffic cleaning function. — Class: {NetworkScrubbingCenter:Class} EquivalentTo: cco:ont00000918 and sdg:performsTrafficCleaning some cco:ont00000665,family=08_derived; slots=NetworkScrubbingCenter,
SDG.GENERIC.FILLER_NONDIESELPOWEREDVEHICLE,Filler Nondieselpoweredvehicle,FILLER_NONDIESELPOWEREDVEHICLE,0.315,SDG.GENERIC,sdg,A non-diesel powered vehicle is a ground motor vehicle that uses a non-diesel power source such as a fuel cell. — Class: {NonDieselPoweredVehicle:Class} EquivalentTo: cco:ont00000053 and sdg:usesNonDieselPowerSource some cco:ont00000477,family=08_derived; slots=NonDieselPoweredVehicle,
SDG.GENERIC.FILLER_NONPROFITORGANIZATION,Filler Nonprofitorganization,FILLER_NONPROFITORGANIZATION,0.316,SDG.GENERIC,sdg,A nonprofit organization is an organization that operates for a public benefit purpose. — Class: {NonprofitOrganization:Class} EquivalentTo: cco:ont00001180 and sdg:operatesForPublicBenefit some bfo:0000015,family=08_derived; slots=NonprofitOrganization,
SDG.GENERIC.FILLER_REFERRALPROCESS,Filler Referralprocess,FILLER_REFERRALPROCESS,0.317,SDG.GENERIC,sdg,An act of requesting that involves a referral source role. — Class: {ReferralProcess:Class} EquivalentTo: cco:ont00000769 and sdg:involvesReferral some sdg:ReferralSourceRole,family=08_derived; slots=ReferralProcess,
SDG.GENERIC.FILLER_REGULATORYAUTHORITY,Filler Regulatoryauthority,FILLER_REGULATORYAUTHORITY,0.318,SDG.GENERIC,sdg,An authority role that exercises regulation over a process. — Class: {RegulatoryAuthority:Class} EquivalentTo: cco:ont00000187 and sdg:exercisesRegulation some cco:ont00001324,family=08_derived; slots=RegulatoryAuthority,
SDG.GENERIC.FILLER_REGULATORYBODY,Filler Regulatorybody,FILLER_REGULATORYBODY,0.319,SDG.GENERIC,sdg,A material entity that enforces a process regulation. — Class: {RegulatoryBody:Class} EquivalentTo: bfo:0000040 and sdg:enforcesRegulation some cco:ont00001324,family=08_derived; slots=RegulatoryBody,
SDG.GENERIC.FILLER_RENDERINGENGINE,Filler Renderingengine,FILLER_RENDERINGENGINE,0.320,SDG.GENERIC,sdg,An engine that renders an animation sequence creation process. — Class: {RenderingEngine:Class} EquivalentTo: cco:ont00000210 and sdg:rendersAnimation some sdg:AnimationSequenceCreation,family=08_derived; slots=RenderingEngine,
SDG.GENERIC.FILLER_RENDERINGENVIRONMENT,Filler Renderingenvironment,FILLER_RENDERINGENVIRONMENT,0.321,SDG.GENERIC,sdg,An indoor environment that supports the rendering of an animation artifact. — Class: {RenderingEnvironment:Class} EquivalentTo: sdg:IndoorEnvironment and sdg:supportsRendering some sdg:RenderedAnimationArtifact,family=08_derived; slots=RenderingEnvironment,
SDG.GENERIC.FILLER_REPORTINGCHANNEL,Filler Reportingchannel,FILLER_REPORTINGCHANNEL,0.322,SDG.GENERIC,sdg,A communication channel that transmits a protected disclosure process. — Class: {ReportingChannel:Class} EquivalentTo: sdg:CommunicationChannel and sdg:transmitsDisclosure some sdg:ProtectedDisclosureProcess,family=08_derived; slots=ReportingChannel,
SDG.GENERIC.FILLER_REQUESTEDPROVIDERTYPE,Filler Requestedprovidertype,FILLER_REQUESTEDPROVIDERTYPE,0.323,SDG.GENERIC,sdg,A service type that is requested by a provider change request process. — Class: {RequestedProviderType:Class} EquivalentTo: sdg:ServiceType and sdg:requestedBy some sdg:ProviderChangeRequestProcess,family=08_derived; slots=RequestedProviderType,
SDG.GENERIC.FILLER_REQUESTINGCLIENT,Filler Requestingclient,FILLER_REQUESTINGCLIENT,0.324,SDG.GENERIC,sdg,A material entity that makes a provider change request process. — Class: {RequestingClient:Class} EquivalentTo: bfo:0000040 and sdg:makesRequest some sdg:ProviderChangeRequestProcess,family=08_derived; slots=RequestingClient,
SDG.GENERIC.FILLER_REQUESTINGENTITY,Filler Requestingentity,FILLER_REQUESTINGENTITY,0.325,SDG.GENERIC,sdg,A material entity that submits a duplicating request. — Class: {RequestingEntity:Class} EquivalentTo: bfo:0000040 and sdg:submitsRequest some sdg:DuplicatingRequest,family=08_derived; slots=RequestingEntity,
SDG.GENERIC.FILLER_RESEARCHACTIVITY,Filler Researchactivity,FILLER_RESEARCHACTIVITY,0.326,SDG.GENERIC,sdg,A research process that is conducted by a young researcher role. — Class: {ResearchActivity:Class} EquivalentTo: sdg:ResearchProcess and sdg:conductedBy some sdg:YoungResearcherRole,family=08_derived; slots=ResearchActivity,
SDG.GENERIC.FILLER_FACILITYINFRASTRUCTURE,Filler Facilityinfrastructure,FILLER_FACILITYINFRASTRUCTURE,0.327,SDG.GENERIC,sdg,A facility that includes transportation infrastructure. — Class: {FacilityInfrastructure:Class} EquivalentTo: cco:ont00000192 and sdg:includes some cco:ont00000328,family=08_derived; slots=FacilityInfrastructure,
SDG.GENERIC.FILLER_FINALINSPECTIONPROCESS,Filler Finalinspectionprocess,FILLER_FINALINSPECTIONPROCESS,0.328,SDG.GENERIC,sdg,An act of material artifact processing that has the objective of a process requirement. — Class: {FinalInspectionProcess:Class} EquivalentTo: cco:ont00000908 and sdg:has_objective some cco:ont00001224,family=08_derived; slots=FinalInspectionProcess,
SDG.GENERIC.FILLER_FINANCIALFUND,Filler Financialfund,FILLER_FINANCIALFUND,0.329,SDG.GENERIC,sdg,A financial facility that involves a financial resource. — Class: {FinancialFund:Class} EquivalentTo: cco:ont00001295 and sdg:involves some sdg:FinancialResource,family=08_derived; slots=FinancialFund,
SDG.GENERIC.FILLER_FINANCIALMANAGEMENTPROCESS,Filler Financialmanagementprocess,FILLER_FINANCIALMANAGEMENTPROCESS,0.330,SDG.GENERIC,sdg,A financial activity that involves financial strategy oversight. — Class: {FinancialManagementProcess:Class} EquivalentTo: sdg:FinancialActivity and sdg:involves some sdg:FinancialStrategyOversight,family=08_derived; slots=FinancialManagementProcess,
SDG.GENERIC.FILLER_FINANCIALPRODUCT,Filler Financialproduct,FILLER_FINANCIALPRODUCT,0.331,SDG.GENERIC,sdg,A financial instrument that has the function of a financial artifact function. — Class: {FinancialProduct:Class} EquivalentTo: cco:ont00000537 and sdg:has_function some cco:ont00000938,family=08_derived; slots=FinancialProduct,
SDG.GENERIC.FILLER_FINANCIALREPORT,Filler Financialreport,FILLER_FINANCIALREPORT,0.332,SDG.GENERIC,sdg,An information content entity that concerns a financial resource. — Class: {FinancialReport:Class} EquivalentTo: cco:ont00000958 and sdg:concerns some sdg:FinancialResource,family=08_derived; slots=FinancialReport,
SDG.GENERIC.FILLER_FINANCIALRESOURCE,Filler Financialresource,FILLER_FINANCIALRESOURCE,0.333,SDG.GENERIC,sdg,A financial value used for a financial activity. — Class: {FinancialResource:Class} EquivalentTo: cco:ont00000608 and sdg:used_for some sdg:FinancialActivity,family=08_derived; slots=FinancialResource,
SDG.GENERIC.FILLER_HEALTHRECORDTRANSFERPROCESS,Filler Healthrecordtransferprocess,FILLER_HEALTHRECORDTRANSFERPROCESS,0.334,SDG.GENERIC,sdg,A telemetry process that conveys health record data between systems. — Class: {HealthRecordTransferProcess:Class} EquivalentTo: cco:ont00001330 and sdg:transfers_health_record_data some sdg:ClinicalQualityData,family=08_derived; slots=HealthRecordTransferProcess,
SDG.GENERIC.FILLER_HEALTHCARENETWORKINFRASTRUCTURE,Filler Healthcarenetworkinfrastructure,FILLER_HEALTHCARENETWORKINFRASTRUCTURE,0.335,SDG.GENERIC,sdg,An infrastructure system that provides the underlying network support for healthcare services. — Class: {HealthcareNetworkInfrastructure:Class} EquivalentTo: cco:ont00000870 and sdg:supports_healthcare_services some cco:ont00000700,family=08_derived; slots=HealthcareNetworkInfrastructure,
SDG.GENERIC.FILLER_HEALTHCAREORGANIZATION,Filler Healthcareorganization,FILLER_HEALTHCAREORGANIZATION,0.336,SDG.GENERIC,sdg,An organization that delivers healthcare services through healthcare facilities. — Class: {HealthcareOrganization:Class} EquivalentTo: cco:ont00001180 and sdg:provides_healthcare_services some cco:ont00000055,family=08_derived; slots=HealthcareOrganization,
SDG.GENERIC.FILLER_HEIGHTMEASUREMENT,Filler Heightmeasurement,FILLER_HEIGHTMEASUREMENT,0.337,SDG.GENERIC,sdg,A measurement unit that quantifies the vertical extent or height of an entity. — Class: {HeightMeasurement:Class} EquivalentTo: cco:ont00000120 and sdg:quantifies_vertical_extent some cco:ont00000967,family=08_derived; slots=HeightMeasurement,
SDG.GENERIC.FILLER_HORSEIDENTITY,Filler Horseidentity,FILLER_HORSEIDENTITY,0.338,SDG.GENERIC,sdg,An arbitrary identifier that uniquely designates a specific horse. — Class: {HorseIdentity:Class} EquivalentTo: cco:ont00000923 and sdg:designates_horse some cco:ont00000562,family=08_derived; slots=HorseIdentity,
SDG.GENERIC.FILLER_HOUSINGCLIENT,Filler Housingclient,FILLER_HOUSINGCLIENT,0.339,SDG.GENERIC,sdg,A material entity that enters into a rental agreement for housing. — Class: {HousingClient:Class} EquivalentTo: bfo:0000040 and sdg:enters_rental_agreement some cco:ont00001325,family=08_derived; slots=HousingClient,
SDG.GENERIC.FILLER_HOUSINGDEBTISSUE,Filler Housingdebtissue,FILLER_HOUSINGDEBTISSUE,0.340,SDG.GENERIC,sdg,A financial value of property that arises from a rental agreement. — Class: {HousingDebtIssue:Class} EquivalentTo: cco:ont00001073 and sdg:originates_from_rental some cco:ont00001325,family=08_derived; slots=HousingDebtIssue,
SDG.GENERIC.FILLER_HOUSINGPOLICYTOPIC,Filler Housingpolicytopic,FILLER_HOUSINGPOLICYTOPIC,0.341,SDG.GENERIC,sdg,A generically dependent continuant that addresses matters related to housing rentals. — Class: {HousingPolicyTopic:Class} EquivalentTo: bfo:0000031 and sdg:addresses_housing_matters some cco:ont00001325,family=08_derived; slots=HousingPolicyTopic,
SDG.GENERIC.FILLER_HUMANAGENT,Filler Humanagent,FILLER_HUMANAGENT,0.342,SDG.GENERIC,sdg,An agent that encompasses or is constituted by a human person. — Class: {HumanAgent:Class} EquivalentTo: cco:ont00001017 and sdg:encompasses_human_person some cco:ont00001262,family=08_derived; slots=HumanAgent,
SDG.GENERIC.FILLER_IMAGINGEQUIPMENT,Filler Imagingequipment,FILLER_IMAGINGEQUIPMENT,0.343,SDG.GENERIC,sdg,An imaging instrument that facilitates diagnostic imaging procedures. — Class: {ImagingEquipment:Class} EquivalentTo: cco:ont00000771 and sdg:facilitates_diagnostic_procedures some sdg:DiagnosticImaging,family=08_derived; slots=ImagingEquipment,
SDG.GENERIC.FILLER_INDEPENDENTECONOMICAGENT,Filler Independenteconomicagent,FILLER_INDEPENDENTECONOMICAGENT,0.344,SDG.GENERIC,sdg,An agent that engages in market exchange with external business partners. — Class: {IndependentEconomicAgent:Class} EquivalentTo: cco:ont00001017 and sdg:engages_in_market_exchange some sdg:ExternalBusinessPartner,family=08_derived; slots=IndependentEconomicAgent,
SDG.GENERIC.FILLER_INDIVIDUAL,Filler Individual,FILLER_INDIVIDUAL,0.345,SDG.GENERIC,sdg,A material entity that constitutes a human person. — Class: {Individual:Class} EquivalentTo: bfo:0000040 and sdg:constitutes_human_person some cco:ont00001262,family=08_derived; slots=Individual,
SDG.GENERIC.FILLER_OBSERVATORYMOUNTINGSTRUCTURE,Filler Observatorymountingstructure,FILLER_OBSERVATORYMOUNTINGSTRUCTURE,0.346,SDG.GENERIC,sdg,An equipment mount that supports an observatory instrument. — Class: {ObservatoryMountingStructure:Class} EquivalentTo: cco:ont00001042 and sdg:supportsObservatoryInstrument some cco:ont00001009,family=08_derived; slots=ObservatoryMountingStructure,
SDG.GENERIC.FILLER_OFFLINECHANNEL,Filler Offlinechannel,FILLER_OFFLINECHANNEL,0.347,SDG.GENERIC,sdg,A dissemination channel that utilizes offline media. — Class: {OfflineChannel:Class} EquivalentTo: sdg:DisseminationChannel and sdg:utilizesOfflineMedia some cco:ont00000859,family=08_derived; slots=OfflineChannel,
SDG.GENERIC.FILLER_ONLINECHANNEL,Filler Onlinechannel,FILLER_ONLINECHANNEL,0.348,SDG.GENERIC,sdg,A dissemination channel that utilizes online media. — Class: {OnlineChannel:Class} EquivalentTo: sdg:DisseminationChannel and sdg:utilizesOnlineMedia some cco:ont00001183,family=08_derived; slots=OnlineChannel,
SDG.GENERIC.FILLER_OPERATIONALDISRUPTION,Filler Operationaldisruption,FILLER_OPERATIONALDISRUPTION,0.349,SDG.GENERIC,sdg,A stasis of artifact operationality that impacts an operational area. — Class: {OperationalDisruption:Class} EquivalentTo: cco:ont00001213 and sdg:impactsOperationalArea some cco:ont00000567,family=08_derived; slots=OperationalDisruption,
SDG.GENERIC.FILLER_OPERATIONALEFFECTIVENESS,Filler Operationaleffectiveness,FILLER_OPERATIONALEFFECTIVENESS,0.350,SDG.GENERIC,sdg,An operational stasis that evaluates an operational area. — Class: {OperationalEffectiveness:Class} EquivalentTo: cco:ont00001191 and sdg:evaluatesOperationalArea some cco:ont00000567,family=08_derived; slots=OperationalEffectiveness,
SDG.GENERIC.FILLER_OPERATIONALEQUIPMENT,Filler Operationalequipment,FILLER_OPERATIONALEQUIPMENT,0.351,SDG.GENERIC,sdg,Infrastructure systems or apparatus deployed to support activities within an operational area. — Class: {OperationalEquipment:Class} EquivalentTo: cco:ont00000870 and bfo:participates_in some cco:ont00000567,family=08_derived; slots=OperationalEquipment,
SDG.GENERIC.FILLER_OPERATIONALPROTOCOL,Filler Operationalprotocol,FILLER_OPERATIONALPROTOCOL,0.352,SDG.GENERIC,sdg,A standardized procedure or set of rules governing activities within an operational area. — Class: {OperationalProtocol:Class} EquivalentTo: sdg:MonitoringProtocol and bfo:participates_in some cco:ont00000567,family=08_derived; slots=OperationalProtocol,
SDG.GENERIC.FILLER_OPERATIONALUNIT,Filler Operationalunit,FILLER_OPERATIONALUNIT,0.353,SDG.GENERIC,sdg,A base of operations or organizational entity comprising law enforcement personnel. — Class: {OperationalUnit:Class} EquivalentTo: cco:ont00000172 and bfo:has_participant some sdg:PoliceOfficerRole,family=08_derived; slots=OperationalUnit,
SDG.GENERIC.FILLER_ORDERCONSTRAINT,Filler Orderconstraint,FILLER_ORDERCONSTRAINT,0.354,SDG.GENERIC,sdg,A sequence position or ordinal rule that restricts the arrangement of items in a promotional calendar. — Class: {OrderConstraint:Class} EquivalentTo: cco:ont00001041 and bfo:participates_in some sdg:PromotionalCalendarOrder,family=08_derived; slots=OrderConstraint,
SDG.GENERIC.FILLER_ORGANIZATIONMEMBER,Filler Organizationmember,FILLER_ORGANIZATIONMEMBER,0.355,SDG.GENERIC,sdg,A role held by an individual or entity that is part of an organization. — Class: {OrganizationMember:Class} EquivalentTo: cco:ont00000175 and bfo:has_participant some sdg:Organization,family=08_derived; slots=OrganizationMember,
SDG.GENERIC.FILLER_ORGANIZATIONALAGENT,Filler Organizationalagent,FILLER_ORGANIZATIONALAGENT,0.356,SDG.GENERIC,sdg,An agent acting on behalf of an organization during financial planning activities. — Class: {OrganizationalAgent:Class} EquivalentTo: cco:ont00001017 and bfo:participates_in some sdg:FinancialPlanningProcess,family=08_derived; slots=OrganizationalAgent,
SDG.GENERIC.FILLER_ORGANIZATIONALFUNCTION,Filler Organizationalfunction,FILLER_ORGANIZATIONALFUNCTION,0.357,SDG.GENERIC,sdg,A capability of an organization that realizes the duties of a general manager. — Class: {OrganizationalFunction:Class} EquivalentTo: cco:ont00000568 and bfo:realizes some sdg:GeneralManagerRole,family=08_derived; slots=OrganizationalFunction,
SDG.GENERIC.FILLER_ORGANIZATIONALHEALTHMETRIC,Filler Organizationalhealthmetric,FILLER_ORGANIZATIONALHEALTHMETRIC,0.358,SDG.GENERIC,sdg,A health outcome measure derived from or applied to employee feedback surveys. — Class: {OrganizationalHealthMetric:Class} EquivalentTo: sdg:HealthOutcomeMetric and bfo:participates_in some sdg:EmployeeFeedbackSurvey,family=08_derived; slots=OrganizationalHealthMetric,
SDG.GENERIC.FILLER_ORGANIZATIONALLEADERSHIPROLE,Filler Organizationalleadershiprole,FILLER_ORGANIZATIONALLEADERSHIPROLE,0.359,SDG.GENERIC,sdg,An organizational member role that is realized during executive leadership activities. — Class: {OrganizationalLeadershipRole:Class} EquivalentTo: cco:ont00000175 and bfo:realized_in some sdg:ExecutiveLeadershipProcess,family=08_derived; slots=OrganizationalLeadershipRole,
SDG.GENERIC.FILLER_OZONEOXYGENMIXTURE,Filler Ozoneoxygenmixture,FILLER_OZONEOXYGENMIXTURE,0.360,SDG.GENERIC,sdg,A portion of oxidizer used as a therapeutic agent in ozone therapy sessions. — Class: {OzoneOxygenMixture:Class} EquivalentTo: cco:ont00000897 and bfo:participates_in some sdg:OzoneTherapySession,family=08_derived; slots=OzoneOxygenMixture,
SDG.DOM.EPISTEMIC_UNCERTAINTY_METRIC,Epistemic Uncertainty Metric,EPISTEMIC_UNCERTAINTY_METRIC,3.D1,SDG.ICE,sdg,"Domain hypernym (LLM-derived, HermiT-admitted) under information_content_entity.",domain_hypernym,at_confidence_level | belief_interval | belief_lower_bound | confidence | plausibility_upper_bound | tag_confidence | uncertainty
SDG.DOM.AT_CONFIDENCE_LEVEL,At Confidence Level,AT_CONFIDENCE_LEVEL,3.D1.1,SDG.DOM.EPISTEMIC_UNCERTAINTY_METRIC,sdg,Domain concept under epistemic_uncertainty_metric.,domain_member,
SDG.DOM.BELIEF_INTERVAL,Belief Interval,BELIEF_INTERVAL,3.D1.2,SDG.DOM.EPISTEMIC_UNCERTAINTY_METRIC,sdg,Domain concept under epistemic_uncertainty_metric.,domain_member,
SDG.DOM.BELIEF_LOWER_BOUND,Belief Lower Bound,BELIEF_LOWER_BOUND,3.D1.3,SDG.DOM.EPISTEMIC_UNCERTAINTY_METRIC,sdg,Domain concept under epistemic_uncertainty_metric.,domain_member,
SDG.DOM.CONFIDENCE,Confidence,CONFIDENCE,3.D1.4,SDG.DOM.EPISTEMIC_UNCERTAINTY_METRIC,sdg,Domain concept under epistemic_uncertainty_metric.,domain_member,
SDG.DOM.PLAUSIBILITY_UPPER_BOUND,Plausibility Upper Bound,PLAUSIBILITY_UPPER_BOUND,3.D1.5,SDG.DOM.EPISTEMIC_UNCERTAINTY_METRIC,sdg,Domain concept under epistemic_uncertainty_metric.,domain_member,
SDG.DOM.TAG_CONFIDENCE,Tag Confidence,TAG_CONFIDENCE,3.D1.6,SDG.DOM.EPISTEMIC_UNCERTAINTY_METRIC,sdg,Domain concept under epistemic_uncertainty_metric.,domain_member,
SDG.DOM.UNCERTAINTY,Uncertainty,UNCERTAINTY,3.D1.7,SDG.DOM.EPISTEMIC_UNCERTAINTY_METRIC,sdg,Domain concept under epistemic_uncertainty_metric.,domain_member,
SDG.DOM.OPERATIONAL_SEVERITY_INDICATOR,Operational Severity Indicator,OPERATIONAL_SEVERITY_INDICATOR,3.1.D2,SDG.ICE.DESCRIPTIVE,sdg,"Domain hypernym (LLM-derived, HermiT-admitted) under descriptive_ice.",domain_hypernym,at_severity | log_level | log_severity | priority | review_rating | run_status | severity
SDG.DOM.AT_SEVERITY,At Severity,AT_SEVERITY,3.1.D2.1,SDG.DOM.OPERATIONAL_SEVERITY_INDICATOR,sdg,Domain concept under operational_severity_indicator.,domain_member,
SDG.DOM.LOG_LEVEL,Log Level,LOG_LEVEL,3.1.D2.2,SDG.DOM.OPERATIONAL_SEVERITY_INDICATOR,sdg,Domain concept under operational_severity_indicator.,domain_member,
SDG.DOM.LOG_SEVERITY,Log Severity,LOG_SEVERITY,3.1.D2.3,SDG.DOM.OPERATIONAL_SEVERITY_INDICATOR,sdg,Domain concept under operational_severity_indicator.,domain_member,
SDG.DOM.PRIORITY,Priority,PRIORITY,3.1.D2.4,SDG.DOM.OPERATIONAL_SEVERITY_INDICATOR,sdg,Domain concept under operational_severity_indicator.,domain_member,
SDG.DOM.REVIEW_RATING,Review Rating,REVIEW_RATING,3.1.D2.5,SDG.DOM.OPERATIONAL_SEVERITY_INDICATOR,sdg,Domain concept under operational_severity_indicator.,domain_member,
SDG.DOM.RUN_STATUS,Run Status,RUN_STATUS,3.1.D2.6,SDG.DOM.OPERATIONAL_SEVERITY_INDICATOR,sdg,Domain concept under operational_severity_indicator.,domain_member,
SDG.DOM.SEVERITY,Severity,SEVERITY,3.1.D2.7,SDG.DOM.OPERATIONAL_SEVERITY_INDICATOR,sdg,Domain concept under operational_severity_indicator.,domain_member,
SDG.DOM.REGULATORY_COMPLIANCE_DIRECTIVE,Regulatory Compliance Directive,REGULATORY_COMPLIANCE_DIRECTIVE,3.2.D3,SDG.ICE.DIRECTIVE,sdg,"Domain hypernym (LLM-derived, HermiT-admitted) under directive_ice.",domain_hypernym,addresses_risk | black_belt_certification_requirement | financial_strategy_oversight | hipaa | hipaa_safeguard | indoor_air_quality_action_plan | institutional_vision_statement | internal_communication_requirement
SDG.DOM.ADDRESSES_RISK,Addresses Risk,ADDRESSES_RISK,3.2.D3.1,SDG.DOM.REGULATORY_COMPLIANCE_DIRECTIVE,sdg,Domain concept under regulatory_compliance_directive.,domain_member,
SDG.DOM.BLACK_BELT_CERTIFICATION_REQUIREMENT,Black Belt Certification Requirement,BLACK_BELT_CERTIFICATION_REQUIREMENT,3.2.D3.2,SDG.DOM.REGULATORY_COMPLIANCE_DIRECTIVE,sdg,Domain concept under regulatory_compliance_directive.,domain_member,
SDG.DOM.FINANCIAL_STRATEGY_OVERSIGHT,Financial Strategy Oversight,FINANCIAL_STRATEGY_OVERSIGHT,3.2.D3.3,SDG.DOM.REGULATORY_COMPLIANCE_DIRECTIVE,sdg,Domain concept under regulatory_compliance_directive.,domain_member,
SDG.DOM.HIPAA,Hipaa,HIPAA,3.2.D3.4,SDG.DOM.REGULATORY_COMPLIANCE_DIRECTIVE,sdg,Domain concept under regulatory_compliance_directive.,domain_member,
SDG.DOM.HIPAA_SAFEGUARD,Hipaa Safeguard,HIPAA_SAFEGUARD,3.2.D3.5,SDG.DOM.REGULATORY_COMPLIANCE_DIRECTIVE,sdg,Domain concept under regulatory_compliance_directive.,domain_member,
SDG.DOM.INDOOR_AIR_QUALITY_ACTION_PLAN,Indoor Air Quality Action Plan,INDOOR_AIR_QUALITY_ACTION_PLAN,3.2.D3.6,SDG.DOM.REGULATORY_COMPLIANCE_DIRECTIVE,sdg,Domain concept under regulatory_compliance_directive.,domain_member,
SDG.DOM.INSTITUTIONAL_VISION_STATEMENT,Institutional Vision Statement,INSTITUTIONAL_VISION_STATEMENT,3.2.D3.7,SDG.DOM.REGULATORY_COMPLIANCE_DIRECTIVE,sdg,Domain concept under regulatory_compliance_directive.,domain_member,
SDG.DOM.INTERNAL_COMMUNICATION_REQUIREMENT,Internal Communication Requirement,INTERNAL_COMMUNICATION_REQUIREMENT,3.2.D3.8,SDG.DOM.REGULATORY_COMPLIANCE_DIRECTIVE,sdg,Domain concept under regulatory_compliance_directive.,domain_member,
SDG.DOM.PATIENT_INSURANCE_RECORD,Patient Insurance Record,PATIENT_INSURANCE_RECORD,3.2.D3.9,SDG.DOM.REGULATORY_COMPLIANCE_DIRECTIVE,sdg,Domain concept under regulatory_compliance_directive.,domain_member,
SDG.DOM.SAFETY,Safety,SAFETY,3.2.D3.10,SDG.DOM.REGULATORY_COMPLIANCE_DIRECTIVE,sdg,Domain concept under regulatory_compliance_directive.,domain_member,
SDG.DOM.SCHOOL_SECURITY_POLICY,School Security Policy,SCHOOL_SECURITY_POLICY,3.2.D3.11,SDG.DOM.REGULATORY_COMPLIANCE_DIRECTIVE,sdg,Domain concept under regulatory_compliance_directive.,domain_member,
SDG.DOM.STRATEGIC_COMMITMENT,Strategic Commitment,STRATEGIC_COMMITMENT,3.2.D3.12,SDG.DOM.REGULATORY_COMPLIANCE_DIRECTIVE,sdg,Domain concept under regulatory_compliance_directive.,domain_member,
SDG.DOM.STUDENT_PRIVACY_EXPECTATION,Student Privacy Expectation,STUDENT_PRIVACY_EXPECTATION,3.2.D3.13,SDG.DOM.REGULATORY_COMPLIANCE_DIRECTIVE,sdg,Domain concept under regulatory_compliance_directive.,domain_member,
SDG.DOM.UNDER_STANDARD,Under Standard,UNDER_STANDARD,3.2.D3.14,SDG.DOM.REGULATORY_COMPLIANCE_DIRECTIVE,sdg,Domain concept under regulatory_compliance_directive.,domain_member,
SDG.DOM.SAFETY_ASSESSMENT_PROCESS,Safety Assessment Process,SAFETY_ASSESSMENT_PROCESS,1.D4,SDG.PROCESS,sdg,"Domain hypernym (LLM-derived, HermiT-admitted) under process.",domain_hypernym,assesses_asset_condition | assesses_exposure_to | bullying_response_process | chemical_exposure_risk_profile | employs_validation_process | estimates_impact_on | flood_asset_vulnerability_assessment | flood_defence_condition_characterisation
SDG.DOM.ASSESSES_ASSET_CONDITION,Assesses Asset Condition,ASSESSES_ASSET_CONDITION,1.D4.1,SDG.DOM.SAFETY_ASSESSMENT_PROCESS,sdg,Domain concept under safety_assessment_process.,domain_member,
SDG.DOM.ASSESSES_EXPOSURE_TO,Assesses Exposure To,ASSESSES_EXPOSURE_TO,1.D4.2,SDG.DOM.SAFETY_ASSESSMENT_PROCESS,sdg,Domain concept under safety_assessment_process.,domain_member,
SDG.DOM.BULLYING_RESPONSE_PROCESS,Bullying Response Process,BULLYING_RESPONSE_PROCESS,1.D4.3,SDG.DOM.SAFETY_ASSESSMENT_PROCESS,sdg,Domain concept under safety_assessment_process.,domain_member,
SDG.DOM.CHEMICAL_EXPOSURE_RISK_PROFILE,Chemical Exposure Risk Profile,CHEMICAL_EXPOSURE_RISK_PROFILE,1.D4.4,SDG.DOM.SAFETY_ASSESSMENT_PROCESS,sdg,Domain concept under safety_assessment_process.,domain_member,
SDG.DOM.EMPLOYS_VALIDATION_PROCESS,Employs Validation Process,EMPLOYS_VALIDATION_PROCESS,1.D4.5,SDG.DOM.SAFETY_ASSESSMENT_PROCESS,sdg,Domain concept under safety_assessment_process.,domain_member,
SDG.DOM.ESTIMATES_IMPACT_ON,Estimates Impact On,ESTIMATES_IMPACT_ON,1.D4.6,SDG.DOM.SAFETY_ASSESSMENT_PROCESS,sdg,Domain concept under safety_assessment_process.,domain_member,
SDG.DOM.FLOOD_ASSET_VULNERABILITY_ASSESSMENT,Flood Asset Vulnerability Assessment,FLOOD_ASSET_VULNERABILITY_ASSESSMENT,1.D4.7,SDG.DOM.SAFETY_ASSESSMENT_PROCESS,sdg,Domain concept under safety_assessment_process.,domain_member,
SDG.DOM.FLOOD_DEFENCE_CONDITION_CHARACTERISATION,Flood Defence Condition Characterisation,FLOOD_DEFENCE_CONDITION_CHARACTERISATION,1.D4.8,SDG.DOM.SAFETY_ASSESSMENT_PROCESS,sdg,Domain concept under safety_assessment_process.,domain_member,
SDG.DOM.IDENTIFIES_VULNERABILITY_STATE,Identifies Vulnerability State,IDENTIFIES_VULNERABILITY_STATE,1.D4.9,SDG.DOM.SAFETY_ASSESSMENT_PROCESS,sdg,Domain concept under safety_assessment_process.,domain_member,
SDG.DOM.P_D_S_A_IMPROVEMENT_MODEL,P D S A Improvement Model,P_D_S_A_IMPROVEMENT_MODEL,1.D4.10,SDG.DOM.SAFETY_ASSESSMENT_PROCESS,sdg,Domain concept under safety_assessment_process.,domain_member,
SDG.DOM.QUALIFICATION_PROCESS,Qualification Process,QUALIFICATION_PROCESS,1.D4.11,SDG.DOM.SAFETY_ASSESSMENT_PROCESS,sdg,Domain concept under safety_assessment_process.,domain_member,
SDG.DOM.SAFETY_PLANNING_PROCESS,Safety Planning Process,SAFETY_PLANNING_PROCESS,1.D4.12,SDG.DOM.SAFETY_ASSESSMENT_PROCESS,sdg,Domain concept under safety_assessment_process.,domain_member,
SDG.DOM.PERFORMANCE_BASELINE_CONFIGURATION,Performance Baseline Configuration,PERFORMANCE_BASELINE_CONFIGURATION,2.1.D5,SDG.ARTIFACT,sdg,"Domain hypernym (LLM-derived, HermiT-admitted) under artifact.",domain_hypernym,baseline | baseline_for | baseline_rate | optimizes | performance_tuning_configuration
SDG.DOM.BASELINE,Baseline,BASELINE,2.1.D5.1,SDG.DOM.PERFORMANCE_BASELINE_CONFIGURATION,sdg,Domain concept under performance_baseline_configuration.,domain_member,
SDG.DOM.BASELINE_FOR,Baseline For,BASELINE_FOR,2.1.D5.2,SDG.DOM.PERFORMANCE_BASELINE_CONFIGURATION,sdg,Domain concept under performance_baseline_configuration.,domain_member,
SDG.DOM.BASELINE_RATE,Baseline Rate,BASELINE_RATE,2.1.D5.3,SDG.DOM.PERFORMANCE_BASELINE_CONFIGURATION,sdg,Domain concept under performance_baseline_configuration.,domain_member,
SDG.DOM.OPTIMIZES,Optimizes,OPTIMIZES,2.1.D5.4,SDG.DOM.PERFORMANCE_BASELINE_CONFIGURATION,sdg,Domain concept under performance_baseline_configuration.,domain_member,
SDG.DOM.PERFORMANCE_TUNING_CONFIGURATION,Performance Tuning Configuration,PERFORMANCE_TUNING_CONFIGURATION,2.1.D5.5,SDG.DOM.PERFORMANCE_BASELINE_CONFIGURATION,sdg,Domain concept under performance_baseline_configuration.,domain_member,
SDG.DOM.PROFESSIONAL_QUALIFICATION_STATUS,Professional Qualification Status,PROFESSIONAL_QUALIFICATION_STATUS,3.D6,SDG.ICE,sdg,"Domain hypernym (LLM-derived, HermiT-admitted) under information_content_entity.",domain_hypernym,clinical_quality_research_role | mental_health_education_program | professional_experience | qualifications | qualified_athlete_status
SDG.DOM.CLINICAL_QUALITY_RESEARCH_ROLE,Clinical Quality Research Role,CLINICAL_QUALITY_RESEARCH_ROLE,3.D6.1,SDG.DOM.PROFESSIONAL_QUALIFICATION_STATUS,sdg,Domain concept under professional_qualification_status.,domain_member,
SDG.DOM.MENTAL_HEALTH_EDUCATION_PROGRAM,Mental Health Education Program,MENTAL_HEALTH_EDUCATION_PROGRAM,3.D6.2,SDG.DOM.PROFESSIONAL_QUALIFICATION_STATUS,sdg,Domain concept under professional_qualification_status.,domain_member,
SDG.DOM.PROFESSIONAL_EXPERIENCE,Professional Experience,PROFESSIONAL_EXPERIENCE,3.D6.3,SDG.DOM.PROFESSIONAL_QUALIFICATION_STATUS,sdg,Domain concept under professional_qualification_status.,domain_member,
SDG.DOM.QUALIFICATIONS,Qualifications,QUALIFICATIONS,3.D6.4,SDG.DOM.PROFESSIONAL_QUALIFICATION_STATUS,sdg,Domain concept under professional_qualification_status.,domain_member,
SDG.DOM.QUALIFIED_ATHLETE_STATUS,Qualified Athlete Status,QUALIFIED_ATHLETE_STATUS,3.D6.5,SDG.DOM.PROFESSIONAL_QUALIFICATION_STATUS,sdg,Domain concept under professional_qualification_status.,domain_member,
SDG.DOM.GOVERNANCE_TEMPORAL_WINDOW,Governance Temporal Window,GOVERNANCE_TEMPORAL_WINDOW,3.D7,SDG.ICE,sdg,"Domain hypernym (LLM-derived, HermiT-admitted) under information_content_entity.",domain_hypernym,at_attestation_period | audit | effective_during | evaluated_during | for_audit_period
SDG.DOM.AT_ATTESTATION_PERIOD,At Attestation Period,AT_ATTESTATION_PERIOD,3.D7.1,SDG.DOM.GOVERNANCE_TEMPORAL_WINDOW,sdg,Domain concept under governance_temporal_window.,domain_member,
SDG.DOM.AUDIT,Audit,AUDIT,3.D7.2,SDG.DOM.GOVERNANCE_TEMPORAL_WINDOW,sdg,Domain concept under governance_temporal_window.,domain_member,
SDG.DOM.EFFECTIVE_DURING,Effective During,EFFECTIVE_DURING,3.D7.3,SDG.DOM.GOVERNANCE_TEMPORAL_WINDOW,sdg,Domain concept under governance_temporal_window.,domain_member,
SDG.DOM.EVALUATED_DURING,Evaluated During,EVALUATED_DURING,3.D7.4,SDG.DOM.GOVERNANCE_TEMPORAL_WINDOW,sdg,Domain concept under governance_temporal_window.,domain_member,
SDG.DOM.FOR_AUDIT_PERIOD,For Audit Period,FOR_AUDIT_PERIOD,3.D7.5,SDG.DOM.GOVERNANCE_TEMPORAL_WINDOW,sdg,Domain concept under governance_temporal_window.,domain_member,
SDG.DOM.GOVERNANCE_DIRECTIVE,Governance Directive,GOVERNANCE_DIRECTIVE,3.2.D8,SDG.ICE.DIRECTIVE,sdg,"Domain hypernym (LLM-derived, HermiT-admitted) under directive_ice.",domain_hypernym,directive | governs_scope | jurisdiction | lawful_basis | license | mandatory | policy
SDG.DOM.DIRECTIVE,Directive,DIRECTIVE,3.2.D8.1,SDG.DOM.GOVERNANCE_DIRECTIVE,sdg,Domain concept under governance_directive.,domain_member,
SDG.DOM.GOVERNS_SCOPE,Governs Scope,GOVERNS_SCOPE,3.2.D8.2,SDG.DOM.GOVERNANCE_DIRECTIVE,sdg,Domain concept under governance_directive.,domain_member,
SDG.DOM.JURISDICTION,Jurisdiction,JURISDICTION,3.2.D8.3,SDG.DOM.GOVERNANCE_DIRECTIVE,sdg,Domain concept under governance_directive.,domain_member,
SDG.DOM.LAWFUL_BASIS,Lawful Basis,LAWFUL_BASIS,3.2.D8.4,SDG.DOM.GOVERNANCE_DIRECTIVE,sdg,Domain concept under governance_directive.,domain_member,
SDG.DOM.LICENSE,License,LICENSE,3.2.D8.5,SDG.DOM.GOVERNANCE_DIRECTIVE,sdg,Domain concept under governance_directive.,domain_member,
SDG.DOM.MANDATORY,Mandatory,MANDATORY,3.2.D8.6,SDG.DOM.GOVERNANCE_DIRECTIVE,sdg,Domain concept under governance_directive.,domain_member,
SDG.DOM.POLICY,Policy,POLICY,3.2.D8.7,SDG.DOM.GOVERNANCE_DIRECTIVE,sdg,Domain concept under governance_directive.,domain_member,
SDG.DOM.GEOGRAPHIC_PROVENANCE,Geographic Provenance,GEOGRAPHIC_PROVENANCE,2.D9,SDG.INDEPENDENT_CONTINUANT,sdg,"Domain hypernym (LLM-derived, HermiT-admitted) under independent_continuant.",domain_hypernym,birthplace | country | home | location | regional | state
SDG.DOM.BIRTHPLACE,Birthplace,BIRTHPLACE,2.D9.1,SDG.DOM.GEOGRAPHIC_PROVENANCE,sdg,Domain concept under geographic_provenance.,domain_member,
SDG.DOM.COUNTRY,Country,COUNTRY,2.D9.2,SDG.DOM.GEOGRAPHIC_PROVENANCE,sdg,Domain concept under geographic_provenance.,domain_member,
SDG.DOM.HOME,Home,HOME,2.D9.3,SDG.DOM.GEOGRAPHIC_PROVENANCE,sdg,Domain concept under geographic_provenance.,domain_member,
SDG.DOM.LOCATION,Location,LOCATION,2.D9.4,SDG.DOM.GEOGRAPHIC_PROVENANCE,sdg,Domain concept under geographic_provenance.,domain_member,
SDG.DOM.REGIONAL,Regional,REGIONAL,2.D9.5,SDG.DOM.GEOGRAPHIC_PROVENANCE,sdg,Domain concept under geographic_provenance.,domain_member,
SDG.DOM.STATE,State,STATE,2.D9.6,SDG.DOM.GEOGRAPHIC_PROVENANCE,sdg,Domain concept under geographic_provenance.,domain_member,
SDG.DOM.LEGAL_STATUS,Legal Status,LEGAL_STATUS,3.1.D10,SDG.ICE.DESCRIPTIVE,sdg,"Domain hypernym (LLM-derived, HermiT-admitted) under descriptive_ice.",domain_hypernym,legal | on_violation | political_islam_stance
SDG.DOM.LEGAL,Legal,LEGAL,3.1.D10.1,SDG.DOM.LEGAL_STATUS,sdg,Domain concept under legal_status.,domain_member,
SDG.DOM.ON_VIOLATION,On Violation,ON_VIOLATION,3.1.D10.2,SDG.DOM.LEGAL_STATUS,sdg,Domain concept under legal_status.,domain_member,
SDG.DOM.POLITICAL_ISLAM_STANCE,Political Islam Stance,POLITICAL_ISLAM_STANCE,3.1.D10.3,SDG.DOM.LEGAL_STATUS,sdg,Domain concept under legal_status.,domain_member,
SDG.DOM.REGULATORY_PROCESS,Regulatory Process,REGULATORY_PROCESS,1.D11,SDG.PROCESS,sdg,"Domain hypernym (LLM-derived, HermiT-admitted) under process.",domain_hypernym,acquires_land | enforcement
SDG.DOM.ACQUIRES_LAND,Acquires Land,ACQUIRES_LAND,1.D11.1,SDG.DOM.REGULATORY_PROCESS,sdg,Domain concept under regulatory_process.,domain_member,
SDG.DOM.ENFORCEMENT,Enforcement,ENFORCEMENT,1.D11.2,SDG.DOM.REGULATORY_PROCESS,sdg,Domain concept under regulatory_process.,domain_member,
SDG.DOM.DATA_RECORD,Data Record,DATA_RECORD,3.D12,SDG.ICE,sdg,"Domain hypernym (LLM-derived, HermiT-admitted) under information_content_entity.",domain_hypernym,anonymous_demographic_information | carbon_credit_transaction | demographic_information | social_enterprise_annual_income | survey_response_record | usage_pattern_record
SDG.DOM.ANONYMOUS_DEMOGRAPHIC_INFORMATION,Anonymous Demographic Information,ANONYMOUS_DEMOGRAPHIC_INFORMATION,3.D12.1,SDG.DOM.DATA_RECORD,sdg,Domain concept under data_record.,domain_member,
SDG.DOM.CARBON_CREDIT_TRANSACTION,Carbon Credit Transaction,CARBON_CREDIT_TRANSACTION,3.D12.2,SDG.DOM.DATA_RECORD,sdg,Domain concept under data_record.,domain_member,
SDG.DOM.DEMOGRAPHIC_INFORMATION,Demographic Information,DEMOGRAPHIC_INFORMATION,3.D12.3,SDG.DOM.DATA_RECORD,sdg,Domain concept under data_record.,domain_member,
SDG.DOM.SOCIAL_ENTERPRISE_ANNUAL_INCOME,Social Enterprise Annual Income,SOCIAL_ENTERPRISE_ANNUAL_INCOME,3.D12.4,SDG.DOM.DATA_RECORD,sdg,Domain concept under data_record.,domain_member,
SDG.DOM.SURVEY_RESPONSE_RECORD,Survey Response Record,SURVEY_RESPONSE_RECORD,3.D12.5,SDG.DOM.DATA_RECORD,sdg,Domain concept under data_record.,domain_member,
SDG.DOM.USAGE_PATTERN_RECORD,Usage Pattern Record,USAGE_PATTERN_RECORD,3.D12.6,SDG.DOM.DATA_RECORD,sdg,Domain concept under data_record.,domain_member,
SDG.DOM.REGULATORY_CONSTRAINT,Regulatory Constraint,REGULATORY_CONSTRAINT,3.2.D13,SDG.ICE.DIRECTIVE,sdg,"Domain hypernym (LLM-derived, HermiT-admitted) under directive_ice.",domain_hypernym,allocation | constraint | division_eligibility_constraint | gdpr | gdpr_article | grants_data_subject_right | mandates_component
SDG.DOM.ALLOCATION,Allocation,ALLOCATION,3.2.D13.1,SDG.DOM.REGULATORY_CONSTRAINT,sdg,Domain concept under regulatory_constraint.,domain_member,
SDG.DOM.CONSTRAINT,Constraint,CONSTRAINT,3.2.D13.2,SDG.DOM.REGULATORY_CONSTRAINT,sdg,Domain concept under regulatory_constraint.,domain_member,
SDG.DOM.DIVISION_ELIGIBILITY_CONSTRAINT,Division Eligibility Constraint,DIVISION_ELIGIBILITY_CONSTRAINT,3.2.D13.3,SDG.DOM.REGULATORY_CONSTRAINT,sdg,Domain concept under regulatory_constraint.,domain_member,
SDG.DOM.GDPR,Gdpr,GDPR,3.2.D13.4,SDG.DOM.REGULATORY_CONSTRAINT,sdg,Domain concept under regulatory_constraint.,domain_member,
SDG.DOM.GDPR_ARTICLE,Gdpr Article,GDPR_ARTICLE,3.2.D13.5,SDG.DOM.REGULATORY_CONSTRAINT,sdg,Domain concept under regulatory_constraint.,domain_member,
SDG.DOM.GRANTS_DATA_SUBJECT_RIGHT,Grants Data Subject Right,GRANTS_DATA_SUBJECT_RIGHT,3.2.D13.6,SDG.DOM.REGULATORY_CONSTRAINT,sdg,Domain concept under regulatory_constraint.,domain_member,
SDG.DOM.MANDATES_COMPONENT,Mandates Component,MANDATES_COMPONENT,3.2.D13.7,SDG.DOM.REGULATORY_CONSTRAINT,sdg,Domain concept under regulatory_constraint.,domain_member,
SDG.DOM.DATA_TRANSFORMATION_PROCESS,Data Transformation Process,DATA_TRANSFORMATION_PROCESS,1.D14,SDG.PROCESS,sdg,"Domain hypernym (LLM-derived, HermiT-admitted) under process.",domain_hypernym,augments_existing_dataset | census_data_collection_process | cross_division_transfer | farmland_acquisition_process | knowledge_base_integration | national_dataset_augmentation_process | reduction_program | settlement_financing_activity
SDG.DOM.AUGMENTS_EXISTING_DATASET,Augments Existing Dataset,AUGMENTS_EXISTING_DATASET,1.D14.1,SDG.DOM.DATA_TRANSFORMATION_PROCESS,sdg,Domain concept under data_transformation_process.,domain_member,
SDG.DOM.CENSUS_DATA_COLLECTION_PROCESS,Census Data Collection Process,CENSUS_DATA_COLLECTION_PROCESS,1.D14.2,SDG.DOM.DATA_TRANSFORMATION_PROCESS,sdg,Domain concept under data_transformation_process.,domain_member,
SDG.DOM.CROSS_DIVISION_TRANSFER,Cross Division Transfer,CROSS_DIVISION_TRANSFER,1.D14.3,SDG.DOM.DATA_TRANSFORMATION_PROCESS,sdg,Domain concept under data_transformation_process.,domain_member,
SDG.DOM.FARMLAND_ACQUISITION_PROCESS,Farmland Acquisition Process,FARMLAND_ACQUISITION_PROCESS,1.D14.4,SDG.DOM.DATA_TRANSFORMATION_PROCESS,sdg,Domain concept under data_transformation_process.,domain_member,
SDG.DOM.KNOWLEDGE_BASE_INTEGRATION,Knowledge Base Integration,KNOWLEDGE_BASE_INTEGRATION,1.D14.5,SDG.DOM.DATA_TRANSFORMATION_PROCESS,sdg,Domain concept under data_transformation_process.,domain_member,
SDG.DOM.NATIONAL_DATASET_AUGMENTATION_PROCESS,National Dataset Augmentation Process,NATIONAL_DATASET_AUGMENTATION_PROCESS,1.D14.6,SDG.DOM.DATA_TRANSFORMATION_PROCESS,sdg,Domain concept under data_transformation_process.,domain_member,
SDG.DOM.REDUCTION_PROGRAM,Reduction Program,REDUCTION_PROGRAM,1.D14.7,SDG.DOM.DATA_TRANSFORMATION_PROCESS,sdg,Domain concept under data_transformation_process.,domain_member,
SDG.DOM.SETTLEMENT_FINANCING_ACTIVITY,Settlement Financing Activity,SETTLEMENT_FINANCING_ACTIVITY,1.D14.8,SDG.DOM.DATA_TRANSFORMATION_PROCESS,sdg,Domain concept under data_transformation_process.,domain_member,
SDG.DOM.SCHEMA_DESCRIPTOR,Schema Descriptor,SCHEMA_DESCRIPTOR,3.3.D15,SDG.ICE.DESIGNATIVE,sdg,"Domain hypernym (LLM-derived, HermiT-admitted) under designative_ice.",domain_hypernym,at_dataset_version | format | from_column | normalized_form | object_column | primary | primary_of | second_combinant
SDG.DOM.AT_DATASET_VERSION,At Dataset Version,AT_DATASET_VERSION,3.3.D15.1,SDG.DOM.SCHEMA_DESCRIPTOR,sdg,Domain concept under schema_descriptor.,domain_member,
SDG.DOM.FORMAT,Format,FORMAT,3.3.D15.2,SDG.DOM.SCHEMA_DESCRIPTOR,sdg,Domain concept under schema_descriptor.,domain_member,
SDG.DOM.FROM_COLUMN,From Column,FROM_COLUMN,3.3.D15.3,SDG.DOM.SCHEMA_DESCRIPTOR,sdg,Domain concept under schema_descriptor.,domain_member,
SDG.DOM.NORMALIZED_FORM,Normalized Form,NORMALIZED_FORM,3.3.D15.4,SDG.DOM.SCHEMA_DESCRIPTOR,sdg,Domain concept under schema_descriptor.,domain_member,
SDG.DOM.OBJECT_COLUMN,Object Column,OBJECT_COLUMN,3.3.D15.5,SDG.DOM.SCHEMA_DESCRIPTOR,sdg,Domain concept under schema_descriptor.,domain_member,
SDG.DOM.PRIMARY,Primary,PRIMARY,3.3.D15.6,SDG.DOM.SCHEMA_DESCRIPTOR,sdg,Domain concept under schema_descriptor.,domain_member,
SDG.DOM.PRIMARY_OF,Primary Of,PRIMARY_OF,3.3.D15.7,SDG.DOM.SCHEMA_DESCRIPTOR,sdg,Domain concept under schema_descriptor.,domain_member,
SDG.DOM.SECOND_COMBINANT,Second Combinant,SECOND_COMBINANT,3.3.D15.8,SDG.DOM.SCHEMA_DESCRIPTOR,sdg,Domain concept under schema_descriptor.,domain_member,
SDG.DOM.SUBJECT_COLUMN,Subject Column,SUBJECT_COLUMN,3.3.D15.9,SDG.DOM.SCHEMA_DESCRIPTOR,sdg,Domain concept under schema_descriptor.,domain_member,
SDG.DOM.TABLE_TOPIC,Table Topic,TABLE_TOPIC,3.3.D15.10,SDG.DOM.SCHEMA_DESCRIPTOR,sdg,Domain concept under schema_descriptor.,domain_member,
SDG.DOM.TO_COLUMN,To Column,TO_COLUMN,3.3.D15.11,SDG.DOM.SCHEMA_DESCRIPTOR,sdg,Domain concept under schema_descriptor.,domain_member,
SDG.DOM.DATASET_ENTITY,Dataset Entity,DATASET_ENTITY,2.1.D16,SDG.ARTIFACT,sdg,"Domain hypernym (LLM-derived, HermiT-admitted) under artifact.",domain_hypernym,dataset | dbpedia | input_dataset | output_dataset
SDG.DOM.DATASET,Dataset,DATASET,2.1.D16.1,SDG.DOM.DATASET_ENTITY,sdg,Domain concept under dataset_entity.,domain_member,
SDG.DOM.DBPEDIA,Dbpedia,DBPEDIA,2.1.D16.2,SDG.DOM.DATASET_ENTITY,sdg,Domain concept under dataset_entity.,domain_member,
SDG.DOM.INPUT_DATASET,Input Dataset,INPUT_DATASET,2.1.D16.3,SDG.DOM.DATASET_ENTITY,sdg,Domain concept under dataset_entity.,domain_member,
SDG.DOM.OUTPUT_DATASET,Output Dataset,OUTPUT_DATASET,2.1.D16.4,SDG.DOM.DATASET_ENTITY,sdg,Domain concept under dataset_entity.,domain_member,
SDG.DOM.RELATIONAL_OPERATOR,Relational Operator,RELATIONAL_OPERATOR,3.D17,SDG.ICE,sdg,"Domain hypernym (LLM-derived, HermiT-admitted) under information_content_entity.",domain_hypernym,assigns_division | assigns_mass_to | conjunctively_combines | corresponds_to_tariff | disjunctively_combines | yields_championship_entry
SDG.DOM.ASSIGNS_DIVISION,Assigns Division,ASSIGNS_DIVISION,3.D17.1,SDG.DOM.RELATIONAL_OPERATOR,sdg,Domain concept under relational_operator.,domain_member,
SDG.DOM.ASSIGNS_MASS_TO,Assigns Mass To,ASSIGNS_MASS_TO,3.D17.2,SDG.DOM.RELATIONAL_OPERATOR,sdg,Domain concept under relational_operator.,domain_member,
SDG.DOM.CONJUNCTIVELY_COMBINES,Conjunctively Combines,CONJUNCTIVELY_COMBINES,3.D17.3,SDG.DOM.RELATIONAL_OPERATOR,sdg,Domain concept under relational_operator.,domain_member,
SDG.DOM.CORRESPONDS_TO_TARIFF,Corresponds To Tariff,CORRESPONDS_TO_TARIFF,3.D17.4,SDG.DOM.RELATIONAL_OPERATOR,sdg,Domain concept under relational_operator.,domain_member,
SDG.DOM.DISJUNCTIVELY_COMBINES,Disjunctively Combines,DISJUNCTIVELY_COMBINES,3.D17.5,SDG.DOM.RELATIONAL_OPERATOR,sdg,Domain concept under relational_operator.,domain_member,
SDG.DOM.YIELDS_CHAMPIONSHIP_ENTRY,Yields Championship Entry,YIELDS_CHAMPIONSHIP_ENTRY,3.D17.6,SDG.DOM.RELATIONAL_OPERATOR,sdg,Domain concept under relational_operator.,domain_member,
SDG.DOM.DATASET_METRIC,Dataset Metric,DATASET_METRIC,3.1.D18,SDG.ICE.DESCRIPTIVE,sdg,"Domain hypernym (LLM-derived, HermiT-admitted) under descriptive_ice.",domain_hypernym,aggregation_temporality | distinctness_ratio | max_entries
SDG.DOM.AGGREGATION_TEMPORALITY,Aggregation Temporality,AGGREGATION_TEMPORALITY,3.1.D18.1,SDG.DOM.DATASET_METRIC,sdg,Domain concept under dataset_metric.,domain_member,
SDG.DOM.DISTINCTNESS_RATIO,Distinctness Ratio,DISTINCTNESS_RATIO,3.1.D18.2,SDG.DOM.DATASET_METRIC,sdg,Domain concept under dataset_metric.,domain_member,
SDG.DOM.MAX_ENTRIES,Max Entries,MAX_ENTRIES,3.1.D18.3,SDG.DOM.DATASET_METRIC,sdg,Domain concept under dataset_metric.,domain_member,
SDG.DOM.AGENT_ENTITY,Agent Entity,AGENT_ENTITY,2.D19,SDG.INDEPENDENT_CONTINUANT,sdg,"Domain hypernym (LLM-derived, HermiT-admitted) under independent_continuant.",domain_hypernym,agent | author | holder | organization | organizer | owner | qualifying_individual | review_author
SDG.DOM.AGENT,Agent,AGENT,2.D19.1,SDG.DOM.AGENT_ENTITY,sdg,Domain concept under agent_entity.,domain_member,
SDG.DOM.AUTHOR,Author,AUTHOR,2.D19.2,SDG.DOM.AGENT_ENTITY,sdg,Domain concept under agent_entity.,domain_member,
SDG.DOM.HOLDER,Holder,HOLDER,2.D19.3,SDG.DOM.AGENT_ENTITY,sdg,Domain concept under agent_entity.,domain_member,
SDG.DOM.ORGANIZATION,Organization,ORGANIZATION,2.D19.4,SDG.DOM.AGENT_ENTITY,sdg,Domain concept under agent_entity.,domain_member,
SDG.DOM.ORGANIZER,Organizer,ORGANIZER,2.D19.5,SDG.DOM.AGENT_ENTITY,sdg,Domain concept under agent_entity.,domain_member,
SDG.DOM.OWNER,Owner,OWNER,2.D19.6,SDG.DOM.AGENT_ENTITY,sdg,Domain concept under agent_entity.,domain_member,
SDG.DOM.QUALIFYING_INDIVIDUAL,Qualifying Individual,QUALIFYING_INDIVIDUAL,2.D19.7,SDG.DOM.AGENT_ENTITY,sdg,Domain concept under agent_entity.,domain_member,
SDG.DOM.REVIEW_AUTHOR,Review Author,REVIEW_AUTHOR,2.D19.8,SDG.DOM.AGENT_ENTITY,sdg,Domain concept under agent_entity.,domain_member,
SDG.DOM.ROLE_BEARER,Role Bearer,ROLE_BEARER,2.D19.9,SDG.DOM.AGENT_ENTITY,sdg,Domain concept under agent_entity.,domain_member,
SDG.DOM.ROLE_HOLDER,Role Holder,ROLE_HOLDER,2.D19.10,SDG.DOM.AGENT_ENTITY,sdg,Domain concept under agent_entity.,domain_member,
SDG.DOM.ROLE_CATEGORY,Role Category,ROLE_CATEGORY,2.D20,SDG.INDEPENDENT_CONTINUANT,sdg,"Domain hypernym (LLM-derived, HermiT-admitted) under independent_continuant.",domain_hypernym,agent_role | agent_role_category | executive_leadership_role | legal_advocate_role | professional_expertise_domain | role_holder_category | young_adult_speaker_role
SDG.DOM.AGENT_ROLE,Agent Role,AGENT_ROLE,2.D20.1,SDG.DOM.ROLE_CATEGORY,sdg,Domain concept under role_category.,domain_member,
SDG.DOM.AGENT_ROLE_CATEGORY,Agent Role Category,AGENT_ROLE_CATEGORY,2.D20.2,SDG.DOM.ROLE_CATEGORY,sdg,Domain concept under role_category.,domain_member,
SDG.DOM.EXECUTIVE_LEADERSHIP_ROLE,Executive Leadership Role,EXECUTIVE_LEADERSHIP_ROLE,2.D20.3,SDG.DOM.ROLE_CATEGORY,sdg,Domain concept under role_category.,domain_member,
SDG.DOM.LEGAL_ADVOCATE_ROLE,Legal Advocate Role,LEGAL_ADVOCATE_ROLE,2.D20.4,SDG.DOM.ROLE_CATEGORY,sdg,Domain concept under role_category.,domain_member,
SDG.DOM.PROFESSIONAL_EXPERTISE_DOMAIN,Professional Expertise Domain,PROFESSIONAL_EXPERTISE_DOMAIN,2.D20.5,SDG.DOM.ROLE_CATEGORY,sdg,Domain concept under role_category.,domain_member,
SDG.DOM.ROLE_HOLDER_CATEGORY,Role Holder Category,ROLE_HOLDER_CATEGORY,2.D20.6,SDG.DOM.ROLE_CATEGORY,sdg,Domain concept under role_category.,domain_member,
SDG.DOM.YOUNG_ADULT_SPEAKER_ROLE,Young Adult Speaker Role,YOUNG_ADULT_SPEAKER_ROLE,2.D20.7,SDG.DOM.ROLE_CATEGORY,sdg,Domain concept under role_category.,domain_member,
SDG.DOM.RESPONSIBILITY_ASSIGNMENT,Responsibility Assignment,RESPONSIBILITY_ASSIGNMENT,1.D21,SDG.PROCESS,sdg,"Domain hypernym (LLM-derived, HermiT-admitted) under process.",domain_hypernym,assigned_by | assigns_administrator | assigns_athlete | oversees | responsibility | responsible_for
SDG.DOM.ASSIGNED_BY,Assigned By,ASSIGNED_BY,1.D21.1,SDG.DOM.RESPONSIBILITY_ASSIGNMENT,sdg,Domain concept under responsibility_assignment.,domain_member,
SDG.DOM.ASSIGNS_ADMINISTRATOR,Assigns Administrator,ASSIGNS_ADMINISTRATOR,1.D21.2,SDG.DOM.RESPONSIBILITY_ASSIGNMENT,sdg,Domain concept under responsibility_assignment.,domain_member,
SDG.DOM.ASSIGNS_ATHLETE,Assigns Athlete,ASSIGNS_ATHLETE,1.D21.3,SDG.DOM.RESPONSIBILITY_ASSIGNMENT,sdg,Domain concept under responsibility_assignment.,domain_member,
SDG.DOM.OVERSEES,Oversees,OVERSEES,1.D21.4,SDG.DOM.RESPONSIBILITY_ASSIGNMENT,sdg,Domain concept under responsibility_assignment.,domain_member,
SDG.DOM.RESPONSIBILITY,Responsibility,RESPONSIBILITY,1.D21.5,SDG.DOM.RESPONSIBILITY_ASSIGNMENT,sdg,Domain concept under responsibility_assignment.,domain_member,
SDG.DOM.RESPONSIBLE_FOR,Responsible For,RESPONSIBLE_FOR,1.D21.6,SDG.DOM.RESPONSIBILITY_ASSIGNMENT,sdg,Domain concept under responsibility_assignment.,domain_member,
SDG.DOM.STAKEHOLDER_ASSOCIATION,Stakeholder Association,STAKEHOLDER_ASSOCIATION,1.D22,SDG.PROCESS,sdg,"Domain hypernym (LLM-derived, HermiT-admitted) under process.",domain_hypernym,acted_on_behalf_of | addresses_stakeholder | associated_with | supported_by | supports | supports_stakeholder | was_associated_with
SDG.DOM.ACTED_ON_BEHALF_OF,Acted On Behalf Of,ACTED_ON_BEHALF_OF,1.D22.1,SDG.DOM.STAKEHOLDER_ASSOCIATION,sdg,Domain concept under stakeholder_association.,domain_member,
SDG.DOM.ADDRESSES_STAKEHOLDER,Addresses Stakeholder,ADDRESSES_STAKEHOLDER,1.D22.2,SDG.DOM.STAKEHOLDER_ASSOCIATION,sdg,Domain concept under stakeholder_association.,domain_member,
SDG.DOM.ASSOCIATED_WITH,Associated With,ASSOCIATED_WITH,1.D22.3,SDG.DOM.STAKEHOLDER_ASSOCIATION,sdg,Domain concept under stakeholder_association.,domain_member,
SDG.DOM.SUPPORTED_BY,Supported By,SUPPORTED_BY,1.D22.4,SDG.DOM.STAKEHOLDER_ASSOCIATION,sdg,Domain concept under stakeholder_association.,domain_member,
SDG.DOM.SUPPORTS,Supports,SUPPORTS,1.D22.5,SDG.DOM.STAKEHOLDER_ASSOCIATION,sdg,Domain concept under stakeholder_association.,domain_member,
SDG.DOM.SUPPORTS_STAKEHOLDER,Supports Stakeholder,SUPPORTS_STAKEHOLDER,1.D22.6,SDG.DOM.STAKEHOLDER_ASSOCIATION,sdg,Domain concept under stakeholder_association.,domain_member,
SDG.DOM.WAS_ASSOCIATED_WITH,Was Associated With,WAS_ASSOCIATED_WITH,1.D22.7,SDG.DOM.STAKEHOLDER_ASSOCIATION,sdg,Domain concept under stakeholder_association.,domain_member,
SDG.DOM.GOVERNANCE_RECORD,Governance Record,GOVERNANCE_RECORD,2.1.D23,SDG.ARTIFACT,sdg,"Domain hypernym (LLM-derived, HermiT-admitted) under artifact.",domain_hypernym,account_authorization_record | requires_membership
SDG.DOM.ACCOUNT_AUTHORIZATION_RECORD,Account Authorization Record,ACCOUNT_AUTHORIZATION_RECORD,2.1.D23.1,SDG.DOM.GOVERNANCE_RECORD,sdg,Domain concept under governance_record.,domain_member,
SDG.DOM.REQUIRES_MEMBERSHIP,Requires Membership,REQUIRES_MEMBERSHIP,2.1.D23.2,SDG.DOM.GOVERNANCE_RECORD,sdg,Domain concept under governance_record.,domain_member,
SDG.DOM.TELEMETRY_PROBE,Telemetry Probe,TELEMETRY_PROBE,2.1.D24,SDG.ARTIFACT,sdg,"Domain hypernym (LLM-derived, HermiT-admitted) under artifact.",domain_hypernym,ebpf | ebpfevent | ebpfmap | ebpfprogram
SDG.DOM.EBPF,Ebpf,EBPF,2.1.D24.1,SDG.DOM.TELEMETRY_PROBE,sdg,Domain concept under telemetry_probe.,domain_member,
SDG.DOM.EBPFEVENT,Ebpfevent,EBPFEVENT,2.1.D24.2,SDG.DOM.TELEMETRY_PROBE,sdg,Domain concept under telemetry_probe.,domain_member,
SDG.DOM.EBPFMAP,Ebpfmap,EBPFMAP,2.1.D24.3,SDG.DOM.TELEMETRY_PROBE,sdg,Domain concept under telemetry_probe.,domain_member,
SDG.DOM.EBPFPROGRAM,Ebpfprogram,EBPFPROGRAM,2.1.D24.4,SDG.DOM.TELEMETRY_PROBE,sdg,Domain concept under telemetry_probe.,domain_member,
SDG.DOM.DATA_TYPE,Data Type,DATA_TYPE,3.D25,SDG.ICE,sdg,"Domain hypernym (LLM-derived, HermiT-admitted) under information_content_entity.",domain_hypernym,map_type | program_type | return_type | type_map
SDG.DOM.MAP_TYPE,Map Type,MAP_TYPE,3.D25.1,SDG.DOM.DATA_TYPE,sdg,Domain concept under data_type.,domain_member,
SDG.DOM.PROGRAM_TYPE,Program Type,PROGRAM_TYPE,3.D25.2,SDG.DOM.DATA_TYPE,sdg,Domain concept under data_type.,domain_member,
SDG.DOM.RETURN_TYPE,Return Type,RETURN_TYPE,3.D25.3,SDG.DOM.DATA_TYPE,sdg,Domain concept under data_type.,domain_member,
SDG.DOM.TYPE_MAP,Type Map,TYPE_MAP,3.D25.4,SDG.DOM.DATA_TYPE,sdg,Domain concept under data_type.,domain_member,
SDG.DOM.SYSTEM_INTERACTION,System Interaction,SYSTEM_INTERACTION,1.D26,SDG.PROCESS,sdg,"Domain hypernym (LLM-derived, HermiT-admitted) under process.",domain_hypernym,attaches_to_cgroup | writes_to_map
SDG.DOM.ATTACHES_TO_CGROUP,Attaches To Cgroup,ATTACHES_TO_CGROUP,1.D26.1,SDG.DOM.SYSTEM_INTERACTION,sdg,Domain concept under system_interaction.,domain_member,
SDG.DOM.WRITES_TO_MAP,Writes To Map,WRITES_TO_MAP,1.D26.2,SDG.DOM.SYSTEM_INTERACTION,sdg,Domain concept under system_interaction.,domain_member,
SDG.DOM.FLOW_ATTRIBUTE,Flow Attribute,FLOW_ATTRIBUTE,3.D27,SDG.ICE,sdg,"Domain hypernym (LLM-derived, HermiT-admitted) under information_content_entity.",domain_hypernym,input_facet | output_facet | t_c_direction
SDG.DOM.INPUT_FACET,Input Facet,INPUT_FACET,3.D27.1,SDG.DOM.FLOW_ATTRIBUTE,sdg,Domain concept under flow_attribute.,domain_member,
SDG.DOM.OUTPUT_FACET,Output Facet,OUTPUT_FACET,3.D27.2,SDG.DOM.FLOW_ATTRIBUTE,sdg,Domain concept under flow_attribute.,domain_member,
SDG.DOM.T_C_DIRECTION,T C Direction,T_C_DIRECTION,3.D27.3,SDG.DOM.FLOW_ATTRIBUTE,sdg,Domain concept under flow_attribute.,domain_member,
SDG.DOM.CLINICAL_OBSERVATION,Clinical Observation,CLINICAL_OBSERVATION,3.1.D28,SDG.ICE.DESCRIPTIVE,sdg,"Domain hypernym (LLM-derived, HermiT-admitted) under descriptive_ice.",domain_hypernym,ganglion_cyst_imaging_finding | ganglion_cyst_tissue_origin
SDG.DOM.GANGLION_CYST_IMAGING_FINDING,Ganglion Cyst Imaging Finding,GANGLION_CYST_IMAGING_FINDING,3.1.D28.1,SDG.DOM.CLINICAL_OBSERVATION,sdg,Domain concept under clinical_observation.,domain_member,
SDG.DOM.GANGLION_CYST_TISSUE_ORIGIN,Ganglion Cyst Tissue Origin,GANGLION_CYST_TISSUE_ORIGIN,3.1.D28.2,SDG.DOM.CLINICAL_OBSERVATION,sdg,Domain concept under clinical_observation.,domain_member,
SDG.DOM.CATEGORIZATION_SCHEME,Categorization Scheme,CATEGORIZATION_SCHEME,3.3.D29,SDG.ICE.DESIGNATIVE,sdg,"Domain hypernym (LLM-derived, HermiT-admitted) under designative_ice.",domain_hypernym,ebpfevent_category | ebpfmap_category | ebpfprogram_category | t_c_direction_category
SDG.DOM.EBPFEVENT_CATEGORY,Ebpfevent Category,EBPFEVENT_CATEGORY,3.3.D29.1,SDG.DOM.CATEGORIZATION_SCHEME,sdg,Domain concept under categorization_scheme.,domain_member,
SDG.DOM.EBPFMAP_CATEGORY,Ebpfmap Category,EBPFMAP_CATEGORY,3.3.D29.2,SDG.DOM.CATEGORIZATION_SCHEME,sdg,Domain concept under categorization_scheme.,domain_member,
SDG.DOM.EBPFPROGRAM_CATEGORY,Ebpfprogram Category,EBPFPROGRAM_CATEGORY,3.3.D29.3,SDG.DOM.CATEGORIZATION_SCHEME,sdg,Domain concept under categorization_scheme.,domain_member,
SDG.DOM.T_C_DIRECTION_CATEGORY,T C Direction Category,T_C_DIRECTION_CATEGORY,3.3.D29.4,SDG.DOM.CATEGORIZATION_SCHEME,sdg,Domain concept under categorization_scheme.,domain_member,
SDG.DOM.DISTRIBUTED_TRACE_SPAN,Distributed Trace Span,DISTRIBUTED_TRACE_SPAN,3.D30,SDG.ICE,sdg,"Domain hypernym (LLM-derived, HermiT-admitted) under information_content_entity.",domain_hypernym,parent_span | root_span | span | spans
SDG.DOM.PARENT_SPAN,Parent Span,PARENT_SPAN,3.D30.1,SDG.DOM.DISTRIBUTED_TRACE_SPAN,sdg,Domain concept under distributed_trace_span.,domain_member,
SDG.DOM.ROOT_SPAN,Root Span,ROOT_SPAN,3.D30.2,SDG.DOM.DISTRIBUTED_TRACE_SPAN,sdg,Domain concept under distributed_trace_span.,domain_member,
SDG.DOM.SPAN,Span,SPAN,3.D30.3,SDG.DOM.DISTRIBUTED_TRACE_SPAN,sdg,Domain concept under distributed_trace_span.,domain_member,
SDG.DOM.SPANS,Spans,SPANS,3.D30.4,SDG.DOM.DISTRIBUTED_TRACE_SPAN,sdg,Domain concept under distributed_trace_span.,domain_member,
SDG.DOM.PROPAGATION_CONTEXT,Propagation Context,PROPAGATION_CONTEXT,3.D31,SDG.ICE,sdg,"Domain hypernym (LLM-derived, HermiT-admitted) under information_content_entity.",domain_hypernym,span_context | within_span_context
SDG.DOM.SPAN_CONTEXT,Span Context,SPAN_CONTEXT,3.D31.1,SDG.DOM.PROPAGATION_CONTEXT,sdg,Domain concept under propagation_context.,domain_member,
SDG.DOM.WITHIN_SPAN_CONTEXT,Within Span Context,WITHIN_SPAN_CONTEXT,3.D31.2,SDG.DOM.PROPAGATION_CONTEXT,sdg,Domain concept under propagation_context.,domain_member,
SDG.DOM.OBSERVATIONAL_METADATA,Observational Metadata,OBSERVATIONAL_METADATA,3.1.D32,SDG.ICE.DESCRIPTIVE,sdg,"Domain hypernym (LLM-derived, HermiT-admitted) under descriptive_ice.",domain_hypernym,span_attribute | span_attribute_category | span_status
SDG.DOM.SPAN_ATTRIBUTE,Span Attribute,SPAN_ATTRIBUTE,3.1.D32.1,SDG.DOM.OBSERVATIONAL_METADATA,sdg,Domain concept under observational_metadata.,domain_member,
SDG.DOM.SPAN_ATTRIBUTE_CATEGORY,Span Attribute Category,SPAN_ATTRIBUTE_CATEGORY,3.1.D32.2,SDG.DOM.OBSERVATIONAL_METADATA,sdg,Domain concept under observational_metadata.,domain_member,
SDG.DOM.SPAN_STATUS,Span Status,SPAN_STATUS,3.1.D32.3,SDG.DOM.OBSERVATIONAL_METADATA,sdg,Domain concept under observational_metadata.,domain_member,
SDG.DOM.CLASSIFICATION_TAXONOMY,Classification Taxonomy,CLASSIFICATION_TAXONOMY,3.3.D33,SDG.ICE.DESIGNATIVE,sdg,"Domain hypernym (LLM-derived, HermiT-admitted) under designative_ice.",domain_hypernym,root_span_category | spans_category
SDG.DOM.ROOT_SPAN_CATEGORY,Root Span Category,ROOT_SPAN_CATEGORY,3.3.D33.1,SDG.DOM.CLASSIFICATION_TAXONOMY,sdg,Domain concept under classification_taxonomy.,domain_member,
SDG.DOM.SPANS_CATEGORY,Spans Category,SPANS_CATEGORY,3.3.D33.2,SDG.DOM.CLASSIFICATION_TAXONOMY,sdg,Domain concept under classification_taxonomy.,domain_member,
SDG.DOM.TELEMETRY_SIGNAL,Telemetry Signal,TELEMETRY_SIGNAL,1.D34,SDG.PROCESS,sdg,"Domain hypernym (LLM-derived, HermiT-admitted) under process.",domain_hypernym,anomaly | emits_signal | host_connection_process | observes_pid | opentelemetry | outlier | pinned_at_path | telemetry
SDG.DOM.ANOMALY,Anomaly,ANOMALY,1.D34.1,SDG.DOM.TELEMETRY_SIGNAL,sdg,Domain concept under telemetry_signal.,domain_member,
SDG.DOM.EMITS_SIGNAL,Emits Signal,EMITS_SIGNAL,1.D34.2,SDG.DOM.TELEMETRY_SIGNAL,sdg,Domain concept under telemetry_signal.,domain_member,
SDG.DOM.HOST_CONNECTION_PROCESS,Host Connection Process,HOST_CONNECTION_PROCESS,1.D34.3,SDG.DOM.TELEMETRY_SIGNAL,sdg,Domain concept under telemetry_signal.,domain_member,
SDG.DOM.OBSERVES_PID,Observes Pid,OBSERVES_PID,1.D34.4,SDG.DOM.TELEMETRY_SIGNAL,sdg,Domain concept under telemetry_signal.,domain_member,
SDG.DOM.OPENTELEMETRY,Opentelemetry,OPENTELEMETRY,1.D34.5,SDG.DOM.TELEMETRY_SIGNAL,sdg,Domain concept under telemetry_signal.,domain_member,
SDG.DOM.OUTLIER,Outlier,OUTLIER,1.D34.6,SDG.DOM.TELEMETRY_SIGNAL,sdg,Domain concept under telemetry_signal.,domain_member,
SDG.DOM.PINNED_AT_PATH,Pinned At Path,PINNED_AT_PATH,1.D34.7,SDG.DOM.TELEMETRY_SIGNAL,sdg,Domain concept under telemetry_signal.,domain_member,
SDG.DOM.TELEMETRY,Telemetry,TELEMETRY,1.D34.8,SDG.DOM.TELEMETRY_SIGNAL,sdg,Domain concept under telemetry_signal.,domain_member,
SDG.DOM.UTILIZES_CHANNEL,Utilizes Channel,UTILIZES_CHANNEL,1.D34.9,SDG.DOM.TELEMETRY_SIGNAL,sdg,Domain concept under telemetry_signal.,domain_member,
SDG.DOM.SURVEILLANCE_ACTIVITY,Surveillance Activity,SURVEILLANCE_ACTIVITY,1.D35,SDG.PROCESS,sdg,"Domain hypernym (LLM-derived, HermiT-admitted) under process.",domain_hypernym,indoor_environmental_monitoring_process | monitors | monitors_indoor_environment | uses_monitoring_protocol | video_surveillance_activity | visualizes
SDG.DOM.INDOOR_ENVIRONMENTAL_MONITORING_PROCESS,Indoor Environmental Monitoring Process,INDOOR_ENVIRONMENTAL_MONITORING_PROCESS,1.D35.1,SDG.DOM.SURVEILLANCE_ACTIVITY,sdg,Domain concept under surveillance_activity.,domain_member,
SDG.DOM.MONITORS,Monitors,MONITORS,1.D35.2,SDG.DOM.SURVEILLANCE_ACTIVITY,sdg,Domain concept under surveillance_activity.,domain_member,
SDG.DOM.MONITORS_INDOOR_ENVIRONMENT,Monitors Indoor Environment,MONITORS_INDOOR_ENVIRONMENT,1.D35.3,SDG.DOM.SURVEILLANCE_ACTIVITY,sdg,Domain concept under surveillance_activity.,domain_member,
SDG.DOM.USES_MONITORING_PROTOCOL,Uses Monitoring Protocol,USES_MONITORING_PROTOCOL,1.D35.4,SDG.DOM.SURVEILLANCE_ACTIVITY,sdg,Domain concept under surveillance_activity.,domain_member,
SDG.DOM.VIDEO_SURVEILLANCE_ACTIVITY,Video Surveillance Activity,VIDEO_SURVEILLANCE_ACTIVITY,1.D35.5,SDG.DOM.SURVEILLANCE_ACTIVITY,sdg,Domain concept under surveillance_activity.,domain_member,
SDG.DOM.VISUALIZES,Visualizes,VISUALIZES,1.D35.6,SDG.DOM.SURVEILLANCE_ACTIVITY,sdg,Domain concept under surveillance_activity.,domain_member,
SDG.DOM.CLINICAL_CONDITION,Clinical Condition,CLINICAL_CONDITION,2.D36,SDG.INDEPENDENT_CONTINUANT,sdg,"Domain hypernym (LLM-derived, HermiT-admitted) under independent_continuant.",domain_hypernym,leber_optic_atrophy | optic_nerve_dysfunction
SDG.DOM.LEBER_OPTIC_ATROPHY,Leber Optic Atrophy,LEBER_OPTIC_ATROPHY,2.D36.1,SDG.DOM.CLINICAL_CONDITION,sdg,Domain concept under clinical_condition.,domain_member,
SDG.DOM.OPTIC_NERVE_DYSFUNCTION,Optic Nerve Dysfunction,OPTIC_NERVE_DYSFUNCTION,2.D36.2,SDG.DOM.CLINICAL_CONDITION,sdg,Domain concept under clinical_condition.,domain_member,
SDG.DOM.BIOLOGICAL_INTERACTION,Biological Interaction,BIOLOGICAL_INTERACTION,1.D37,SDG.PROCESS,sdg,"Domain hypernym (LLM-derived, HermiT-admitted) under process.",domain_hypernym,affects_cultivation_system | crop_parasitism_impact | impacts_target | involves_host | involves_vector | parasitises_host
SDG.DOM.AFFECTS_CULTIVATION_SYSTEM,Affects Cultivation System,AFFECTS_CULTIVATION_SYSTEM,1.D37.1,SDG.DOM.BIOLOGICAL_INTERACTION,sdg,Domain concept under biological_interaction.,domain_member,
SDG.DOM.CROP_PARASITISM_IMPACT,Crop Parasitism Impact,CROP_PARASITISM_IMPACT,1.D37.2,SDG.DOM.BIOLOGICAL_INTERACTION,sdg,Domain concept under biological_interaction.,domain_member,
SDG.DOM.IMPACTS_TARGET,Impacts Target,IMPACTS_TARGET,1.D37.3,SDG.DOM.BIOLOGICAL_INTERACTION,sdg,Domain concept under biological_interaction.,domain_member,
SDG.DOM.INVOLVES_HOST,Involves Host,INVOLVES_HOST,1.D37.4,SDG.DOM.BIOLOGICAL_INTERACTION,sdg,Domain concept under biological_interaction.,domain_member,
SDG.DOM.INVOLVES_VECTOR,Involves Vector,INVOLVES_VECTOR,1.D37.5,SDG.DOM.BIOLOGICAL_INTERACTION,sdg,Domain concept under biological_interaction.,domain_member,
SDG.DOM.PARASITISES_HOST,Parasitises Host,PARASITISES_HOST,1.D37.6,SDG.DOM.BIOLOGICAL_INTERACTION,sdg,Domain concept under biological_interaction.,domain_member,
SDG.DOM.TARGETING_POLICY,Targeting Policy,TARGETING_POLICY,3.2.D38,SDG.ICE.DIRECTIVE,sdg,"Domain hypernym (LLM-derived, HermiT-admitted) under directive_ice.",domain_hypernym,reaches_audience | targets | targets_artifact | targets_demographic | targets_goal | targets_investor | targets_pollution | targets_user
SDG.DOM.REACHES_AUDIENCE,Reaches Audience,REACHES_AUDIENCE,3.2.D38.1,SDG.DOM.TARGETING_POLICY,sdg,Domain concept under targeting_policy.,domain_member,
SDG.DOM.TARGETS,Targets,TARGETS,3.2.D38.2,SDG.DOM.TARGETING_POLICY,sdg,Domain concept under targeting_policy.,domain_member,
SDG.DOM.TARGETS_ARTIFACT,Targets Artifact,TARGETS_ARTIFACT,3.2.D38.3,SDG.DOM.TARGETING_POLICY,sdg,Domain concept under targeting_policy.,domain_member,
SDG.DOM.TARGETS_DEMOGRAPHIC,Targets Demographic,TARGETS_DEMOGRAPHIC,3.2.D38.4,SDG.DOM.TARGETING_POLICY,sdg,Domain concept under targeting_policy.,domain_member,
SDG.DOM.TARGETS_GOAL,Targets Goal,TARGETS_GOAL,3.2.D38.5,SDG.DOM.TARGETING_POLICY,sdg,Domain concept under targeting_policy.,domain_member,
SDG.DOM.TARGETS_INVESTOR,Targets Investor,TARGETS_INVESTOR,3.2.D38.6,SDG.DOM.TARGETING_POLICY,sdg,Domain concept under targeting_policy.,domain_member,
SDG.DOM.TARGETS_POLLUTION,Targets Pollution,TARGETS_POLLUTION,3.2.D38.7,SDG.DOM.TARGETING_POLICY,sdg,Domain concept under targeting_policy.,domain_member,
SDG.DOM.TARGETS_USER,Targets User,TARGETS_USER,3.2.D38.8,SDG.DOM.TARGETING_POLICY,sdg,Domain concept under targeting_policy.,domain_member,
SDG.DOM.TO_TARGET,To Target,TO_TARGET,3.2.D38.9,SDG.DOM.TARGETING_POLICY,sdg,Domain concept under targeting_policy.,domain_member,
SDG.DOM.REGULATORY_DIRECTIVE,Regulatory Directive,REGULATORY_DIRECTIVE,3.2.D39,SDG.ICE.DIRECTIVE,sdg,"Domain hypernym (LLM-derived, HermiT-admitted) under directive_ice.",domain_hypernym,articulates | constrains | follows_protocol | mitigates | pursues_objective | realizes | realizes_function | technology_promotion_initiative
SDG.DOM.ARTICULATES,Articulates,ARTICULATES,3.2.D39.1,SDG.DOM.REGULATORY_DIRECTIVE,sdg,Domain concept under regulatory_directive.,domain_member,
SDG.DOM.CONSTRAINS,Constrains,CONSTRAINS,3.2.D39.2,SDG.DOM.REGULATORY_DIRECTIVE,sdg,Domain concept under regulatory_directive.,domain_member,
SDG.DOM.FOLLOWS_PROTOCOL,Follows Protocol,FOLLOWS_PROTOCOL,3.2.D39.3,SDG.DOM.REGULATORY_DIRECTIVE,sdg,Domain concept under regulatory_directive.,domain_member,
SDG.DOM.MITIGATES,Mitigates,MITIGATES,3.2.D39.4,SDG.DOM.REGULATORY_DIRECTIVE,sdg,Domain concept under regulatory_directive.,domain_member,
SDG.DOM.PURSUES_OBJECTIVE,Pursues Objective,PURSUES_OBJECTIVE,3.2.D39.5,SDG.DOM.REGULATORY_DIRECTIVE,sdg,Domain concept under regulatory_directive.,domain_member,
SDG.DOM.REALIZES,Realizes,REALIZES,3.2.D39.6,SDG.DOM.REGULATORY_DIRECTIVE,sdg,Domain concept under regulatory_directive.,domain_member,
SDG.DOM.REALIZES_FUNCTION,Realizes Function,REALIZES_FUNCTION,3.2.D39.7,SDG.DOM.REGULATORY_DIRECTIVE,sdg,Domain concept under regulatory_directive.,domain_member,
SDG.DOM.TECHNOLOGY_PROMOTION_INITIATIVE,Technology Promotion Initiative,TECHNOLOGY_PROMOTION_INITIATIVE,3.2.D39.8,SDG.DOM.REGULATORY_DIRECTIVE,sdg,Domain concept under regulatory_directive.,domain_member,
SDG.DOM.OBSERVATIONAL_PROCEDURE,Observational Procedure,OBSERVATIONAL_PROCEDURE,1.D40,SDG.PROCESS,sdg,"Domain hypernym (LLM-derived, HermiT-admitted) under process.",domain_hypernym,involves_screening | observation | profiling | studies_domain_aspect
SDG.DOM.INVOLVES_SCREENING,Involves Screening,INVOLVES_SCREENING,1.D40.1,SDG.DOM.OBSERVATIONAL_PROCEDURE,sdg,Domain concept under observational_procedure.,domain_member,
SDG.DOM.OBSERVATION,Observation,OBSERVATION,1.D40.2,SDG.DOM.OBSERVATIONAL_PROCEDURE,sdg,Domain concept under observational_procedure.,domain_member,
SDG.DOM.PROFILING,Profiling,PROFILING,1.D40.3,SDG.DOM.OBSERVATIONAL_PROCEDURE,sdg,Domain concept under observational_procedure.,domain_member,
SDG.DOM.STUDIES_DOMAIN_ASPECT,Studies Domain Aspect,STUDIES_DOMAIN_ASPECT,1.D40.4,SDG.DOM.OBSERVATIONAL_PROCEDURE,sdg,Domain concept under observational_procedure.,domain_member,
SDG.DOM.EPISTEMIC_RESOURCE,Epistemic Resource,EPISTEMIC_RESOURCE,3.D41,SDG.ICE,sdg,"Domain hypernym (LLM-derived, HermiT-admitted) under information_content_entity.",domain_hypernym,conflict_mass | exhibits_ampliation | focal_element | incorporates_indigenous_knowledge | incorporates_scientific_knowledge | involves_earth_observation_data | over_frame_of_discernment | quantum
SDG.DOM.CONFLICT_MASS,Conflict Mass,CONFLICT_MASS,3.D41.1,SDG.DOM.EPISTEMIC_RESOURCE,sdg,Domain concept under epistemic_resource.,domain_member,
SDG.DOM.EXHIBITS_AMPLIATION,Exhibits Ampliation,EXHIBITS_AMPLIATION,3.D41.2,SDG.DOM.EPISTEMIC_RESOURCE,sdg,Domain concept under epistemic_resource.,domain_member,
SDG.DOM.FOCAL_ELEMENT,Focal Element,FOCAL_ELEMENT,3.D41.3,SDG.DOM.EPISTEMIC_RESOURCE,sdg,Domain concept under epistemic_resource.,domain_member,
SDG.DOM.INCORPORATES_INDIGENOUS_KNOWLEDGE,Incorporates Indigenous Knowledge,INCORPORATES_INDIGENOUS_KNOWLEDGE,3.D41.4,SDG.DOM.EPISTEMIC_RESOURCE,sdg,Domain concept under epistemic_resource.,domain_member,
SDG.DOM.INCORPORATES_SCIENTIFIC_KNOWLEDGE,Incorporates Scientific Knowledge,INCORPORATES_SCIENTIFIC_KNOWLEDGE,3.D41.5,SDG.DOM.EPISTEMIC_RESOURCE,sdg,Domain concept under epistemic_resource.,domain_member,
SDG.DOM.INVOLVES_EARTH_OBSERVATION_DATA,Involves Earth Observation Data,INVOLVES_EARTH_OBSERVATION_DATA,3.D41.6,SDG.DOM.EPISTEMIC_RESOURCE,sdg,Domain concept under epistemic_resource.,domain_member,
SDG.DOM.OVER_FRAME_OF_DISCERNMENT,Over Frame Of Discernment,OVER_FRAME_OF_DISCERNMENT,3.D41.7,SDG.DOM.EPISTEMIC_RESOURCE,sdg,Domain concept under epistemic_resource.,domain_member,
SDG.DOM.QUANTUM,Quantum,QUANTUM,3.D41.8,SDG.DOM.EPISTEMIC_RESOURCE,sdg,Domain concept under epistemic_resource.,domain_member,
SDG.DOM.RELIES_ON_INTUITION,Relies On Intuition,RELIES_ON_INTUITION,3.D41.9,SDG.DOM.EPISTEMIC_RESOURCE,sdg,Domain concept under epistemic_resource.,domain_member,
SDG.DOM.SUBJECT,Subject,SUBJECT,3.D41.10,SDG.DOM.EPISTEMIC_RESOURCE,sdg,Domain concept under epistemic_resource.,domain_member,
SDG.DOM.SYSTEM_EVENT,System Event,SYSTEM_EVENT,1.D42,SDG.PROCESS,sdg,"Domain hypernym (LLM-derived, HermiT-admitted) under process.",domain_hypernym,for_syscall | observes_syscall | sysblock | syscall
SDG.DOM.FOR_SYSCALL,For Syscall,FOR_SYSCALL,1.D42.1,SDG.DOM.SYSTEM_EVENT,sdg,Domain concept under system_event.,domain_member,
SDG.DOM.OBSERVES_SYSCALL,Observes Syscall,OBSERVES_SYSCALL,1.D42.2,SDG.DOM.SYSTEM_EVENT,sdg,Domain concept under system_event.,domain_member,
SDG.DOM.SYSBLOCK,Sysblock,SYSBLOCK,1.D42.3,SDG.DOM.SYSTEM_EVENT,sdg,Domain concept under system_event.,domain_member,
SDG.DOM.SYSCALL,Syscall,SYSCALL,1.D42.4,SDG.DOM.SYSTEM_EVENT,sdg,Domain concept under system_event.,domain_member,
SDG.DOM.CLASSIFICATION_TIER,Classification Tier,CLASSIFICATION_TIER,3.D43,SDG.ICE,sdg,"Domain hypernym (LLM-derived, HermiT-admitted) under information_content_entity.",domain_hypernym,assigns_tier | at_classification_tier | at_n_i_s_t_impact_level | at_n_i_s_t_impact_level_category | at_quality_tier | at_security_tier | at_security_tier_category | at_tier
SDG.DOM.ASSIGNS_TIER,Assigns Tier,ASSIGNS_TIER,3.D43.1,SDG.DOM.CLASSIFICATION_TIER,sdg,Domain concept under classification_tier.,domain_member,
SDG.DOM.AT_CLASSIFICATION_TIER,At Classification Tier,AT_CLASSIFICATION_TIER,3.D43.2,SDG.DOM.CLASSIFICATION_TIER,sdg,Domain concept under classification_tier.,domain_member,
SDG.DOM.AT_N_I_S_T_IMPACT_LEVEL,At N I S T Impact Level,AT_N_I_S_T_IMPACT_LEVEL,3.D43.3,SDG.DOM.CLASSIFICATION_TIER,sdg,Domain concept under classification_tier.,domain_member,
SDG.DOM.AT_N_I_S_T_IMPACT_LEVEL_CATEGORY,At N I S T Impact Level Category,AT_N_I_S_T_IMPACT_LEVEL_CATEGORY,3.D43.4,SDG.DOM.CLASSIFICATION_TIER,sdg,Domain concept under classification_tier.,domain_member,
SDG.DOM.AT_QUALITY_TIER,At Quality Tier,AT_QUALITY_TIER,3.D43.5,SDG.DOM.CLASSIFICATION_TIER,sdg,Domain concept under classification_tier.,domain_member,
SDG.DOM.AT_SECURITY_TIER,At Security Tier,AT_SECURITY_TIER,3.D43.6,SDG.DOM.CLASSIFICATION_TIER,sdg,Domain concept under classification_tier.,domain_member,
SDG.DOM.AT_SECURITY_TIER_CATEGORY,At Security Tier Category,AT_SECURITY_TIER_CATEGORY,3.D43.7,SDG.DOM.CLASSIFICATION_TIER,sdg,Domain concept under classification_tier.,domain_member,
SDG.DOM.AT_TIER,At Tier,AT_TIER,3.D43.8,SDG.DOM.CLASSIFICATION_TIER,sdg,Domain concept under classification_tier.,domain_member,
SDG.DOM.COMPLIANCE_FRAMEWORK,Compliance Framework,COMPLIANCE_FRAMEWORK,3.2.D44,SDG.ICE.DIRECTIVE,sdg,"Domain hypernym (LLM-derived, HermiT-admitted) under directive_ice.",domain_hypernym,for_s_o_c2_domain | soc2_trust_criterion | under_framework
SDG.DOM.FOR_S_O_C2_DOMAIN,For S O C2 Domain,FOR_S_O_C2_DOMAIN,3.2.D44.1,SDG.DOM.COMPLIANCE_FRAMEWORK,sdg,Domain concept under compliance_framework.,domain_member,
SDG.DOM.SOC2_TRUST_CRITERION,Soc2 Trust Criterion,SOC2_TRUST_CRITERION,3.2.D44.2,SDG.DOM.COMPLIANCE_FRAMEWORK,sdg,Domain concept under compliance_framework.,domain_member,
SDG.DOM.UNDER_FRAMEWORK,Under Framework,UNDER_FRAMEWORK,3.2.D44.3,SDG.DOM.COMPLIANCE_FRAMEWORK,sdg,Domain concept under compliance_framework.,domain_member,
SDG.DOM.ORGANIZATIONAL_SCOPE,Organizational Scope,ORGANIZATIONAL_SCOPE,2.D45,SDG.INDEPENDENT_CONTINUANT,sdg,"Domain hypernym (LLM-derived, HermiT-admitted) under independent_continuant.",domain_hypernym,covers_sector | targets_business_division | targets_business_division_category | targets_sector | tracks_sector
SDG.DOM.COVERS_SECTOR,Covers Sector,COVERS_SECTOR,2.D45.1,SDG.DOM.ORGANIZATIONAL_SCOPE,sdg,Domain concept under organizational_scope.,domain_member,
SDG.DOM.TARGETS_BUSINESS_DIVISION,Targets Business Division,TARGETS_BUSINESS_DIVISION,2.D45.2,SDG.DOM.ORGANIZATIONAL_SCOPE,sdg,Domain concept under organizational_scope.,domain_member,
SDG.DOM.TARGETS_BUSINESS_DIVISION_CATEGORY,Targets Business Division Category,TARGETS_BUSINESS_DIVISION_CATEGORY,2.D45.3,SDG.DOM.ORGANIZATIONAL_SCOPE,sdg,Domain concept under organizational_scope.,domain_member,
SDG.DOM.TARGETS_SECTOR,Targets Sector,TARGETS_SECTOR,2.D45.4,SDG.DOM.ORGANIZATIONAL_SCOPE,sdg,Domain concept under organizational_scope.,domain_member,
SDG.DOM.TRACKS_SECTOR,Tracks Sector,TRACKS_SECTOR,2.D45.5,SDG.DOM.ORGANIZATIONAL_SCOPE,sdg,Domain concept under organizational_scope.,domain_member,
SDG.DOM.TOLERANCE_SPECIFICATION,Tolerance Specification,TOLERANCE_SPECIFICATION,3.2.D46,SDG.ICE.DIRECTIVE,sdg,"Domain hypernym (LLM-derived, HermiT-admitted) under directive_ice.",domain_hypernym,material_density_specification | shell_dimension_specification | taper_tolerance_constraint
SDG.DOM.MATERIAL_DENSITY_SPECIFICATION,Material Density Specification,MATERIAL_DENSITY_SPECIFICATION,3.2.D46.1,SDG.DOM.TOLERANCE_SPECIFICATION,sdg,Domain concept under tolerance_specification.,domain_member,
SDG.DOM.SHELL_DIMENSION_SPECIFICATION,Shell Dimension Specification,SHELL_DIMENSION_SPECIFICATION,3.2.D46.2,SDG.DOM.TOLERANCE_SPECIFICATION,sdg,Domain concept under tolerance_specification.,domain_member,
SDG.DOM.TAPER_TOLERANCE_CONSTRAINT,Taper Tolerance Constraint,TAPER_TOLERANCE_CONSTRAINT,3.2.D46.3,SDG.DOM.TOLERANCE_SPECIFICATION,sdg,Domain concept under tolerance_specification.,domain_member,
SDG.DOM.MEASUREMENT_RECORD,Measurement Record,MEASUREMENT_RECORD,3.1.D47,SDG.ICE.DESCRIPTIVE,sdg,"Domain hypernym (LLM-derived, HermiT-admitted) under descriptive_ice.",domain_hypernym,measurement | measures_port_isolation | port_isolation_measurement
SDG.DOM.MEASUREMENT,Measurement,MEASUREMENT,3.1.D47.1,SDG.DOM.MEASUREMENT_RECORD,sdg,Domain concept under measurement_record.,domain_member,
SDG.DOM.MEASURES_PORT_ISOLATION,Measures Port Isolation,MEASURES_PORT_ISOLATION,3.1.D47.2,SDG.DOM.MEASUREMENT_RECORD,sdg,Domain concept under measurement_record.,domain_member,
SDG.DOM.PORT_ISOLATION_MEASUREMENT,Port Isolation Measurement,PORT_ISOLATION_MEASUREMENT,3.1.D47.3,SDG.DOM.MEASUREMENT_RECORD,sdg,Domain concept under measurement_record.,domain_member,
SDG.DOM.METRIC_SPECIFICATION,Metric Specification,METRIC_SPECIFICATION,3.D48,SDG.ICE,sdg,"Domain hypernym (LLM-derived, HermiT-admitted) under information_content_entity.",domain_hypernym,anomaly_in_metric | measurement_category | metric | metric_kind | metric_unit
SDG.DOM.ANOMALY_IN_METRIC,Anomaly In Metric,ANOMALY_IN_METRIC,3.D48.1,SDG.DOM.METRIC_SPECIFICATION,sdg,Domain concept under metric_specification.,domain_member,
SDG.DOM.MEASUREMENT_CATEGORY,Measurement Category,MEASUREMENT_CATEGORY,3.D48.2,SDG.DOM.METRIC_SPECIFICATION,sdg,Domain concept under metric_specification.,domain_member,
SDG.DOM.METRIC,Metric,METRIC,3.D48.3,SDG.DOM.METRIC_SPECIFICATION,sdg,Domain concept under metric_specification.,domain_member,
SDG.DOM.METRIC_KIND,Metric Kind,METRIC_KIND,3.D48.4,SDG.DOM.METRIC_SPECIFICATION,sdg,Domain concept under metric_specification.,domain_member,
SDG.DOM.METRIC_UNIT,Metric Unit,METRIC_UNIT,3.D48.5,SDG.DOM.METRIC_SPECIFICATION,sdg,Domain concept under metric_specification.,domain_member,
SDG.DOM.DIMENSIONAL_ATTRIBUTE,Dimensional Attribute,DIMENSIONAL_ATTRIBUTE,3.D49,SDG.ICE,sdg,"Domain hypernym (LLM-derived, HermiT-admitted) under information_content_entity.",domain_hypernym,dimension | dimension_kind | geo_coordinates | longitude | precision | size_bytes
SDG.DOM.DIMENSION,Dimension,DIMENSION,3.D49.1,SDG.DOM.DIMENSIONAL_ATTRIBUTE,sdg,Domain concept under dimensional_attribute.,domain_member,
SDG.DOM.DIMENSION_KIND,Dimension Kind,DIMENSION_KIND,3.D49.2,SDG.DOM.DIMENSIONAL_ATTRIBUTE,sdg,Domain concept under dimensional_attribute.,domain_member,
SDG.DOM.GEO_COORDINATES,Geo Coordinates,GEO_COORDINATES,3.D49.3,SDG.DOM.DIMENSIONAL_ATTRIBUTE,sdg,Domain concept under dimensional_attribute.,domain_member,
SDG.DOM.LONGITUDE,Longitude,LONGITUDE,3.D49.4,SDG.DOM.DIMENSIONAL_ATTRIBUTE,sdg,Domain concept under dimensional_attribute.,domain_member,
SDG.DOM.PRECISION,Precision,PRECISION,3.D49.5,SDG.DOM.DIMENSIONAL_ATTRIBUTE,sdg,Domain concept under dimensional_attribute.,domain_member,
SDG.DOM.SIZE_BYTES,Size Bytes,SIZE_BYTES,3.D49.6,SDG.DOM.DIMENSIONAL_ATTRIBUTE,sdg,Domain concept under dimensional_attribute.,domain_member,
SDG.DOM.NORMALIZATION_PARAMETER,Normalization Parameter,NORMALIZATION_PARAMETER,3.D50,SDG.ICE,sdg,"Domain hypernym (LLM-derived, HermiT-admitted) under information_content_entity.",domain_hypernym,aligned_to_d_bpedia | normalization_constant
SDG.DOM.ALIGNED_TO_D_BPEDIA,Aligned To D Bpedia,ALIGNED_TO_D_BPEDIA,3.D50.1,SDG.DOM.NORMALIZATION_PARAMETER,sdg,Domain concept under normalization_parameter.,domain_member,
SDG.DOM.NORMALIZATION_CONSTANT,Normalization Constant,NORMALIZATION_CONSTANT,3.D50.2,SDG.DOM.NORMALIZATION_PARAMETER,sdg,Domain concept under normalization_parameter.,domain_member,
SDG.DOM.TELEMETRY_EVENT,Telemetry Event,TELEMETRY_EVENT,1.D51,SDG.PROCESS,sdg,"Domain hypernym (LLM-derived, HermiT-admitted) under process.",domain_hypernym,addresses_usage_metric | emits_metric | produces_measurement | triggered_by_metric | verified_by_metric
SDG.DOM.ADDRESSES_USAGE_METRIC,Addresses Usage Metric,ADDRESSES_USAGE_METRIC,1.D51.1,SDG.DOM.TELEMETRY_EVENT,sdg,Domain concept under telemetry_event.,domain_member,
SDG.DOM.EMITS_METRIC,Emits Metric,EMITS_METRIC,1.D51.2,SDG.DOM.TELEMETRY_EVENT,sdg,Domain concept under telemetry_event.,domain_member,
SDG.DOM.PRODUCES_MEASUREMENT,Produces Measurement,PRODUCES_MEASUREMENT,1.D51.3,SDG.DOM.TELEMETRY_EVENT,sdg,Domain concept under telemetry_event.,domain_member,
SDG.DOM.TRIGGERED_BY_METRIC,Triggered By Metric,TRIGGERED_BY_METRIC,1.D51.4,SDG.DOM.TELEMETRY_EVENT,sdg,Domain concept under telemetry_event.,domain_member,
SDG.DOM.VERIFIED_BY_METRIC,Verified By Metric,VERIFIED_BY_METRIC,1.D51.5,SDG.DOM.TELEMETRY_EVENT,sdg,Domain concept under telemetry_event.,domain_member,
SDG.DOM.TECHNICAL_SPECIFICATION,Technical Specification,TECHNICAL_SPECIFICATION,3.2.D52,SDG.ICE.DIRECTIVE,sdg,"Domain hypernym (LLM-derived, HermiT-admitted) under directive_ice.",domain_hypernym,applies_to_vehicle_class | depends_on_impedance_termination | insertion_loss_specification | pci_dss_requirement | specifies_platform | vehicle_equipment_specification
SDG.DOM.APPLIES_TO_VEHICLE_CLASS,Applies To Vehicle Class,APPLIES_TO_VEHICLE_CLASS,3.2.D52.1,SDG.DOM.TECHNICAL_SPECIFICATION,sdg,Domain concept under technical_specification.,domain_member,
SDG.DOM.DEPENDS_ON_IMPEDANCE_TERMINATION,Depends On Impedance Termination,DEPENDS_ON_IMPEDANCE_TERMINATION,3.2.D52.2,SDG.DOM.TECHNICAL_SPECIFICATION,sdg,Domain concept under technical_specification.,domain_member,
SDG.DOM.INSERTION_LOSS_SPECIFICATION,Insertion Loss Specification,INSERTION_LOSS_SPECIFICATION,3.2.D52.3,SDG.DOM.TECHNICAL_SPECIFICATION,sdg,Domain concept under technical_specification.,domain_member,
SDG.DOM.PCI_DSS_REQUIREMENT,Pci Dss Requirement,PCI_DSS_REQUIREMENT,3.2.D52.4,SDG.DOM.TECHNICAL_SPECIFICATION,sdg,Domain concept under technical_specification.,domain_member,
SDG.DOM.SPECIFIES_PLATFORM,Specifies Platform,SPECIFIES_PLATFORM,3.2.D52.5,SDG.DOM.TECHNICAL_SPECIFICATION,sdg,Domain concept under technical_specification.,domain_member,
SDG.DOM.VEHICLE_EQUIPMENT_SPECIFICATION,Vehicle Equipment Specification,VEHICLE_EQUIPMENT_SPECIFICATION,3.2.D52.6,SDG.DOM.TECHNICAL_SPECIFICATION,sdg,Domain concept under technical_specification.,domain_member,
SDG.DOM.KERNEL_SUBSYSTEM,Kernel Subsystem,KERNEL_SUBSYSTEM,2.1.D53,SDG.ARTIFACT,sdg,"Domain hypernym (LLM-derived, HermiT-admitted) under artifact.",domain_hypernym,at_kernel_function | for_kernel_subsystem | in_kernel_module | kernel | kernelhook
SDG.DOM.AT_KERNEL_FUNCTION,At Kernel Function,AT_KERNEL_FUNCTION,2.1.D53.1,SDG.DOM.KERNEL_SUBSYSTEM,sdg,Domain concept under kernel_subsystem.,domain_member,
SDG.DOM.FOR_KERNEL_SUBSYSTEM,For Kernel Subsystem,FOR_KERNEL_SUBSYSTEM,2.1.D53.2,SDG.DOM.KERNEL_SUBSYSTEM,sdg,Domain concept under kernel_subsystem.,domain_member,
SDG.DOM.IN_KERNEL_MODULE,In Kernel Module,IN_KERNEL_MODULE,2.1.D53.3,SDG.DOM.KERNEL_SUBSYSTEM,sdg,Domain concept under kernel_subsystem.,domain_member,
SDG.DOM.KERNEL,Kernel,KERNEL,2.1.D53.4,SDG.DOM.KERNEL_SUBSYSTEM,sdg,Domain concept under kernel_subsystem.,domain_member,
SDG.DOM.KERNELHOOK,Kernelhook,KERNELHOOK,2.1.D53.5,SDG.DOM.KERNEL_SUBSYSTEM,sdg,Domain concept under kernel_subsystem.,domain_member,
SDG.DOM.VERIFICATION_PROCESS,Verification Process,VERIFICATION_PROCESS,1.D54,SDG.PROCESS,sdg,"Domain hypernym (LLM-derived, HermiT-admitted) under process.",domain_hypernym,applies_method | implements | registers_application | via_verification_method
SDG.DOM.APPLIES_METHOD,Applies Method,APPLIES_METHOD,1.D54.1,SDG.DOM.VERIFICATION_PROCESS,sdg,Domain concept under verification_process.,domain_member,
SDG.DOM.IMPLEMENTS,Implements,IMPLEMENTS,1.D54.2,SDG.DOM.VERIFICATION_PROCESS,sdg,Domain concept under verification_process.,domain_member,
SDG.DOM.REGISTERS_APPLICATION,Registers Application,REGISTERS_APPLICATION,1.D54.3,SDG.DOM.VERIFICATION_PROCESS,sdg,Domain concept under verification_process.,domain_member,
SDG.DOM.VIA_VERIFICATION_METHOD,Via Verification Method,VIA_VERIFICATION_METHOD,1.D54.4,SDG.DOM.VERIFICATION_PROCESS,sdg,Domain concept under verification_process.,domain_member,
SDG.DOM.DATA_QUALITY_METRIC,Data Quality Metric,DATA_QUALITY_METRIC,3.1.D55,SDG.ICE.DESCRIPTIVE,sdg,"Domain hypernym (LLM-derived, HermiT-admitted) under descriptive_ice.",domain_hypernym,null_rate | nullability_state
SDG.DOM.NULL_RATE,Null Rate,NULL_RATE,3.1.D55.1,SDG.DOM.DATA_QUALITY_METRIC,sdg,Domain concept under data_quality_metric.,domain_member,
SDG.DOM.NULLABILITY_STATE,Nullability State,NULLABILITY_STATE,3.1.D55.2,SDG.DOM.DATA_QUALITY_METRIC,sdg,Domain concept under data_quality_metric.,domain_member,
SDG.DOM.SYSTEM_CAPABILITY,System Capability,SYSTEM_CAPABILITY,2.D56,SDG.INDEPENDENT_CONTINUANT,sdg,"Domain hypernym (LLM-derived, HermiT-admitted) under independent_continuant.",domain_hypernym,provides_function | provides_service_type
SDG.DOM.PROVIDES_FUNCTION,Provides Function,PROVIDES_FUNCTION,2.D56.1,SDG.DOM.SYSTEM_CAPABILITY,sdg,Domain concept under system_capability.,domain_member,
SDG.DOM.PROVIDES_SERVICE_TYPE,Provides Service Type,PROVIDES_SERVICE_TYPE,2.D56.2,SDG.DOM.SYSTEM_CAPABILITY,sdg,Domain concept under system_capability.,domain_member,
SDG.DOM.IDENTIFIER_SCHEME,Identifier Scheme,IDENTIFIER_SCHEME,3.3.D57,SDG.ICE.DESIGNATIVE,sdg,"Domain hypernym (LLM-derived, HermiT-admitted) under designative_ice.",domain_hypernym,at_run_identifier | operator
SDG.DOM.AT_RUN_IDENTIFIER,At Run Identifier,AT_RUN_IDENTIFIER,3.3.D57.1,SDG.DOM.IDENTIFIER_SCHEME,sdg,Domain concept under identifier_scheme.,domain_member,
SDG.DOM.OPERATOR,Operator,OPERATOR,3.3.D57.2,SDG.DOM.IDENTIFIER_SCHEME,sdg,Domain concept under identifier_scheme.,domain_member,
SDG.DOM.TEMPORAL_EXTENT,Temporal Extent,TEMPORAL_EXTENT,2.D58,SDG.INDEPENDENT_CONTINUANT,sdg,"Domain hypernym (LLM-derived, HermiT-admitted) under independent_continuant.",domain_hypernym,duration_seconds | ended_at_time | event_end_time | event_end_time_category | event_start_time | event_start_time_category | occurs_during_period | over_time_window
SDG.DOM.DURATION_SECONDS,Duration Seconds,DURATION_SECONDS,2.D58.1,SDG.DOM.TEMPORAL_EXTENT,sdg,Domain concept under temporal_extent.,domain_member,
SDG.DOM.ENDED_AT_TIME,Ended At Time,ENDED_AT_TIME,2.D58.2,SDG.DOM.TEMPORAL_EXTENT,sdg,Domain concept under temporal_extent.,domain_member,
SDG.DOM.EVENT_END_TIME,Event End Time,EVENT_END_TIME,2.D58.3,SDG.DOM.TEMPORAL_EXTENT,sdg,Domain concept under temporal_extent.,domain_member,
SDG.DOM.EVENT_END_TIME_CATEGORY,Event End Time Category,EVENT_END_TIME_CATEGORY,2.D58.4,SDG.DOM.TEMPORAL_EXTENT,sdg,Domain concept under temporal_extent.,domain_member,
SDG.DOM.EVENT_START_TIME,Event Start Time,EVENT_START_TIME,2.D58.5,SDG.DOM.TEMPORAL_EXTENT,sdg,Domain concept under temporal_extent.,domain_member,
SDG.DOM.EVENT_START_TIME_CATEGORY,Event Start Time Category,EVENT_START_TIME_CATEGORY,2.D58.6,SDG.DOM.TEMPORAL_EXTENT,sdg,Domain concept under temporal_extent.,domain_member,
SDG.DOM.OCCURS_DURING_PERIOD,Occurs During Period,OCCURS_DURING_PERIOD,2.D58.7,SDG.DOM.TEMPORAL_EXTENT,sdg,Domain concept under temporal_extent.,domain_member,
SDG.DOM.OVER_TIME_WINDOW,Over Time Window,OVER_TIME_WINDOW,2.D58.8,SDG.DOM.TEMPORAL_EXTENT,sdg,Domain concept under temporal_extent.,domain_member,
SDG.DOM.OVER_TIME_WINDOW_CATEGORY,Over Time Window Category,OVER_TIME_WINDOW_CATEGORY,2.D58.9,SDG.DOM.TEMPORAL_EXTENT,sdg,Domain concept under temporal_extent.,domain_member,
SDG.DOM.SCHEDULED_AT,Scheduled At,SCHEDULED_AT,2.D58.10,SDG.DOM.TEMPORAL_EXTENT,sdg,Domain concept under temporal_extent.,domain_member,
SDG.DOM.STARTED_AT_TIME,Started At Time,STARTED_AT_TIME,2.D58.11,SDG.DOM.TEMPORAL_EXTENT,sdg,Domain concept under temporal_extent.,domain_member,
SDG.DOM.SCHEDULED_ACTIVITY,Scheduled Activity,SCHEDULED_ACTIVITY,1.D59,SDG.PROCESS,sdg,"Domain hypernym (LLM-derived, HermiT-admitted) under process.",domain_hypernym,appointment | appointment_scheduling_process | campus_event | census_reporting_event | information_dissemination_event
SDG.DOM.APPOINTMENT,Appointment,APPOINTMENT,1.D59.1,SDG.DOM.SCHEDULED_ACTIVITY,sdg,Domain concept under scheduled_activity.,domain_member,
SDG.DOM.APPOINTMENT_SCHEDULING_PROCESS,Appointment Scheduling Process,APPOINTMENT_SCHEDULING_PROCESS,1.D59.2,SDG.DOM.SCHEDULED_ACTIVITY,sdg,Domain concept under scheduled_activity.,domain_member,
SDG.DOM.CAMPUS_EVENT,Campus Event,CAMPUS_EVENT,1.D59.3,SDG.DOM.SCHEDULED_ACTIVITY,sdg,Domain concept under scheduled_activity.,domain_member,
SDG.DOM.CENSUS_REPORTING_EVENT,Census Reporting Event,CENSUS_REPORTING_EVENT,1.D59.4,SDG.DOM.SCHEDULED_ACTIVITY,sdg,Domain concept under scheduled_activity.,domain_member,
SDG.DOM.INFORMATION_DISSEMINATION_EVENT,Information Dissemination Event,INFORMATION_DISSEMINATION_EVENT,1.D59.5,SDG.DOM.SCHEDULED_ACTIVITY,sdg,Domain concept under scheduled_activity.,domain_member,
SDG.DOM.OBSERVATIONAL_TRIGGER,Observational Trigger,OBSERVATIONAL_TRIGGER,3.1.D60,SDG.ICE.DESCRIPTIVE,sdg,"Domain hypernym (LLM-derived, HermiT-admitted) under descriptive_ice.",domain_hypernym,invoked_by_event | observes_event
SDG.DOM.INVOKED_BY_EVENT,Invoked By Event,INVOKED_BY_EVENT,3.1.D60.1,SDG.DOM.OBSERVATIONAL_TRIGGER,sdg,Domain concept under observational_trigger.,domain_member,
SDG.DOM.OBSERVES_EVENT,Observes Event,OBSERVES_EVENT,3.1.D60.2,SDG.DOM.OBSERVATIONAL_TRIGGER,sdg,Domain concept under observational_trigger.,domain_member,
SDG.DOM.PROVENANCE_RELATION,Provenance Relation,PROVENANCE_RELATION,3.1.D61,SDG.ICE.DESCRIPTIVE,sdg,"Domain hypernym (LLM-derived, HermiT-admitted) under descriptive_ice.",domain_hypernym,derives_from_project | lineage | renamed_from | snapshot_of | transitions_from | transitions_to | via_transformation | was_derived_from
SDG.DOM.DERIVES_FROM_PROJECT,Derives From Project,DERIVES_FROM_PROJECT,3.1.D61.1,SDG.DOM.PROVENANCE_RELATION,sdg,Domain concept under provenance_relation.,domain_member,
SDG.DOM.LINEAGE,Lineage,LINEAGE,3.1.D61.2,SDG.DOM.PROVENANCE_RELATION,sdg,Domain concept under provenance_relation.,domain_member,
SDG.DOM.RENAMED_FROM,Renamed From,RENAMED_FROM,3.1.D61.3,SDG.DOM.PROVENANCE_RELATION,sdg,Domain concept under provenance_relation.,domain_member,
SDG.DOM.SNAPSHOT_OF,Snapshot Of,SNAPSHOT_OF,3.1.D61.4,SDG.DOM.PROVENANCE_RELATION,sdg,Domain concept under provenance_relation.,domain_member,
SDG.DOM.TRANSITIONS_FROM,Transitions From,TRANSITIONS_FROM,3.1.D61.5,SDG.DOM.PROVENANCE_RELATION,sdg,Domain concept under provenance_relation.,domain_member,
SDG.DOM.TRANSITIONS_TO,Transitions To,TRANSITIONS_TO,3.1.D61.6,SDG.DOM.PROVENANCE_RELATION,sdg,Domain concept under provenance_relation.,domain_member,
SDG.DOM.VIA_TRANSFORMATION,Via Transformation,VIA_TRANSFORMATION,3.1.D61.7,SDG.DOM.PROVENANCE_RELATION,sdg,Domain concept under provenance_relation.,domain_member,
SDG.DOM.WAS_DERIVED_FROM,Was Derived From,WAS_DERIVED_FROM,3.1.D61.8,SDG.DOM.PROVENANCE_RELATION,sdg,Domain concept under provenance_relation.,domain_member,
SDG.DOM.WAS_GENERATED_BY,Was Generated By,WAS_GENERATED_BY,3.1.D61.9,SDG.DOM.PROVENANCE_RELATION,sdg,Domain concept under provenance_relation.,domain_member,
SDG.DOM.WAS_REVISION_OF,Was Revision Of,WAS_REVISION_OF,3.1.D61.10,SDG.DOM.PROVENANCE_RELATION,sdg,Domain concept under provenance_relation.,domain_member,
SDG.DOM.TEMPORAL_DESCRIPTOR,Temporal Descriptor,TEMPORAL_DESCRIPTOR,3.1.D62,SDG.ICE.DESCRIPTIVE,sdg,"Domain hypernym (LLM-derived, HermiT-admitted) under descriptive_ice.",domain_hypernym,created_date | date_published | effective_date | issued_date | published_on_date | since
SDG.DOM.CREATED_DATE,Created Date,CREATED_DATE,3.1.D62.1,SDG.DOM.TEMPORAL_DESCRIPTOR,sdg,Domain concept under temporal_descriptor.,domain_member,
SDG.DOM.DATE_PUBLISHED,Date Published,DATE_PUBLISHED,3.1.D62.2,SDG.DOM.TEMPORAL_DESCRIPTOR,sdg,Domain concept under temporal_descriptor.,domain_member,
SDG.DOM.EFFECTIVE_DATE,Effective Date,EFFECTIVE_DATE,3.1.D62.3,SDG.DOM.TEMPORAL_DESCRIPTOR,sdg,Domain concept under temporal_descriptor.,domain_member,
SDG.DOM.ISSUED_DATE,Issued Date,ISSUED_DATE,3.1.D62.4,SDG.DOM.TEMPORAL_DESCRIPTOR,sdg,Domain concept under temporal_descriptor.,domain_member,
SDG.DOM.PUBLISHED_ON_DATE,Published On Date,PUBLISHED_ON_DATE,3.1.D62.5,SDG.DOM.TEMPORAL_DESCRIPTOR,sdg,Domain concept under temporal_descriptor.,domain_member,
SDG.DOM.SINCE,Since,SINCE,3.1.D62.6,SDG.DOM.TEMPORAL_DESCRIPTOR,sdg,Domain concept under temporal_descriptor.,domain_member,
SDG.DOM.VERSIONING_POLICY,Versioning Policy,VERSIONING_POLICY,3.2.D63,SDG.ICE.DIRECTIVE,sdg,"Domain hypernym (LLM-derived, HermiT-admitted) under directive_ice.",domain_hypernym,backward | backward_compatible_with | breaking_change_for | forward_compatible_with | non_breaking_change_for | rollback | rolls_back_to
SDG.DOM.BACKWARD,Backward,BACKWARD,3.2.D63.1,SDG.DOM.VERSIONING_POLICY,sdg,Domain concept under versioning_policy.,domain_member,
SDG.DOM.BACKWARD_COMPATIBLE_WITH,Backward Compatible With,BACKWARD_COMPATIBLE_WITH,3.2.D63.2,SDG.DOM.VERSIONING_POLICY,sdg,Domain concept under versioning_policy.,domain_member,
SDG.DOM.BREAKING_CHANGE_FOR,Breaking Change For,BREAKING_CHANGE_FOR,3.2.D63.3,SDG.DOM.VERSIONING_POLICY,sdg,Domain concept under versioning_policy.,domain_member,
SDG.DOM.FORWARD_COMPATIBLE_WITH,Forward Compatible With,FORWARD_COMPATIBLE_WITH,3.2.D63.4,SDG.DOM.VERSIONING_POLICY,sdg,Domain concept under versioning_policy.,domain_member,
SDG.DOM.NON_BREAKING_CHANGE_FOR,Non Breaking Change For,NON_BREAKING_CHANGE_FOR,3.2.D63.5,SDG.DOM.VERSIONING_POLICY,sdg,Domain concept under versioning_policy.,domain_member,
SDG.DOM.ROLLBACK,Rollback,ROLLBACK,3.2.D63.6,SDG.DOM.VERSIONING_POLICY,sdg,Domain concept under versioning_policy.,domain_member,
SDG.DOM.ROLLS_BACK_TO,Rolls Back To,ROLLS_BACK_TO,3.2.D63.7,SDG.DOM.VERSIONING_POLICY,sdg,Domain concept under versioning_policy.,domain_member,
SDG.DOM.TRANSFORMATION_PROCESS,Transformation Process,TRANSFORMATION_PROCESS,1.D64,SDG.PROCESS,sdg,"Domain hypernym (LLM-derived, HermiT-admitted) under process.",domain_hypernym,degrades | myxoid_degeneration_process | pignistic_transform | radicalization_process | transformation | transforms_subject
SDG.DOM.DEGRADES,Degrades,DEGRADES,1.D64.1,SDG.DOM.TRANSFORMATION_PROCESS,sdg,Domain concept under transformation_process.,domain_member,
SDG.DOM.MYXOID_DEGENERATION_PROCESS,Myxoid Degeneration Process,MYXOID_DEGENERATION_PROCESS,1.D64.2,SDG.DOM.TRANSFORMATION_PROCESS,sdg,Domain concept under transformation_process.,domain_member,
SDG.DOM.PIGNISTIC_TRANSFORM,Pignistic Transform,PIGNISTIC_TRANSFORM,1.D64.3,SDG.DOM.TRANSFORMATION_PROCESS,sdg,Domain concept under transformation_process.,domain_member,
SDG.DOM.RADICALIZATION_PROCESS,Radicalization Process,RADICALIZATION_PROCESS,1.D64.4,SDG.DOM.TRANSFORMATION_PROCESS,sdg,Domain concept under transformation_process.,domain_member,
SDG.DOM.TRANSFORMATION,Transformation,TRANSFORMATION,1.D64.5,SDG.DOM.TRANSFORMATION_PROCESS,sdg,Domain concept under transformation_process.,domain_member,
SDG.DOM.TRANSFORMS_SUBJECT,Transforms Subject,TRANSFORMS_SUBJECT,1.D64.6,SDG.DOM.TRANSFORMATION_PROCESS,sdg,Domain concept under transformation_process.,domain_member,
SDG.DOM.REFINEMENT_OPERATION,Refinement Operation,REFINEMENT_OPERATION,1.D65,SDG.PROCESS,sdg,"Domain hypernym (LLM-derived, HermiT-admitted) under process.",domain_hypernym,concludes_with | refines | refines_frame | type_changed_from
SDG.DOM.CONCLUDES_WITH,Concludes With,CONCLUDES_WITH,1.D65.1,SDG.DOM.REFINEMENT_OPERATION,sdg,Domain concept under refinement_operation.,domain_member,
SDG.DOM.REFINES,Refines,REFINES,1.D65.2,SDG.DOM.REFINEMENT_OPERATION,sdg,Domain concept under refinement_operation.,domain_member,
SDG.DOM.REFINES_FRAME,Refines Frame,REFINES_FRAME,1.D65.3,SDG.DOM.REFINEMENT_OPERATION,sdg,Domain concept under refinement_operation.,domain_member,
SDG.DOM.TYPE_CHANGED_FROM,Type Changed From,TYPE_CHANGED_FROM,1.D65.4,SDG.DOM.REFINEMENT_OPERATION,sdg,Domain concept under refinement_operation.,domain_member,
SDG.DOM.GOVERNANCE_METRIC,Governance Metric,GOVERNANCE_METRIC,3.D66,SDG.ICE,sdg,"Domain hypernym (LLM-derived, HermiT-admitted) under information_content_entity.",domain_hypernym,iso27001_annex_a | review_cycle | review_cycle_days
SDG.DOM.ISO27001_ANNEX_A,Iso27001 Annex A,ISO27001_ANNEX_A,3.D66.1,SDG.DOM.GOVERNANCE_METRIC,sdg,Domain concept under governance_metric.,domain_member,
SDG.DOM.REVIEW_CYCLE,Review Cycle,REVIEW_CYCLE,3.D66.2,SDG.DOM.GOVERNANCE_METRIC,sdg,Domain concept under governance_metric.,domain_member,
SDG.DOM.REVIEW_CYCLE_DAYS,Review Cycle Days,REVIEW_CYCLE_DAYS,3.D66.3,SDG.DOM.GOVERNANCE_METRIC,sdg,Domain concept under governance_metric.,domain_member,
SDG.DOM.RESPONSIBLE_AGENT,Responsible Agent,RESPONSIBLE_AGENT,2.D67,SDG.INDEPENDENT_CONTINUANT,sdg,"Domain hypernym (LLM-derived, HermiT-admitted) under independent_continuant.",domain_hypernym,authored_by | publisher
SDG.DOM.AUTHORED_BY,Authored By,AUTHORED_BY,2.D67.1,SDG.DOM.RESPONSIBLE_AGENT,sdg,Domain concept under responsible_agent.,domain_member,
SDG.DOM.PUBLISHER,Publisher,PUBLISHER,2.D67.2,SDG.DOM.RESPONSIBLE_AGENT,sdg,Domain concept under responsible_agent.,domain_member,
SDG.DOM.PROVENANCE_ACTIVITY,Provenance Activity,PROVENANCE_ACTIVITY,1.D68,SDG.PROCESS,sdg,"Domain hypernym (LLM-derived, HermiT-admitted) under process.",domain_hypernym,annotates_column | annotates_property_of | captures_profile_attribute | conceptual_construction_process | generates_entity | generates_predicate
SDG.DOM.ANNOTATES_COLUMN,Annotates Column,ANNOTATES_COLUMN,1.D68.1,SDG.DOM.PROVENANCE_ACTIVITY,sdg,Domain concept under provenance_activity.,domain_member,
SDG.DOM.ANNOTATES_PROPERTY_OF,Annotates Property Of,ANNOTATES_PROPERTY_OF,1.D68.2,SDG.DOM.PROVENANCE_ACTIVITY,sdg,Domain concept under provenance_activity.,domain_member,
SDG.DOM.CAPTURES_PROFILE_ATTRIBUTE,Captures Profile Attribute,CAPTURES_PROFILE_ATTRIBUTE,1.D68.3,SDG.DOM.PROVENANCE_ACTIVITY,sdg,Domain concept under provenance_activity.,domain_member,
SDG.DOM.CONCEPTUAL_CONSTRUCTION_PROCESS,Conceptual Construction Process,CONCEPTUAL_CONSTRUCTION_PROCESS,1.D68.4,SDG.DOM.PROVENANCE_ACTIVITY,sdg,Domain concept under provenance_activity.,domain_member,
SDG.DOM.GENERATES_ENTITY,Generates Entity,GENERATES_ENTITY,1.D68.5,SDG.DOM.PROVENANCE_ACTIVITY,sdg,Domain concept under provenance_activity.,domain_member,
SDG.DOM.GENERATES_PREDICATE,Generates Predicate,GENERATES_PREDICATE,1.D68.6,SDG.DOM.PROVENANCE_ACTIVITY,sdg,Domain concept under provenance_activity.,domain_member,
SDG.DOM.SEMANTIC_DESIGNATOR,Semantic Designator,SEMANTIC_DESIGNATOR,3.3.D69,SDG.ICE.DESIGNATIVE,sdg,"Domain hypernym (LLM-derived, HermiT-admitted) under designative_ice.",domain_hypernym,entity_type_belongs_to | identifier | matches_ontology_class | predicate
SDG.DOM.ENTITY_TYPE_BELONGS_TO,Entity Type Belongs To,ENTITY_TYPE_BELONGS_TO,3.3.D69.1,SDG.DOM.SEMANTIC_DESIGNATOR,sdg,Domain concept under semantic_designator.,domain_member,
SDG.DOM.IDENTIFIER,Identifier,IDENTIFIER,3.3.D69.2,SDG.DOM.SEMANTIC_DESIGNATOR,sdg,Domain concept under semantic_designator.,domain_member,
SDG.DOM.MATCHES_ONTOLOGY_CLASS,Matches Ontology Class,MATCHES_ONTOLOGY_CLASS,3.3.D69.3,SDG.DOM.SEMANTIC_DESIGNATOR,sdg,Domain concept under semantic_designator.,domain_member,
SDG.DOM.PREDICATE,Predicate,PREDICATE,3.3.D69.4,SDG.DOM.SEMANTIC_DESIGNATOR,sdg,Domain concept under semantic_designator.,domain_member,
SDG.DOM.METADATA_DESCRIPTOR,Metadata Descriptor,METADATA_DESCRIPTOR,3.1.D70,SDG.ICE.DESCRIPTIVE,sdg,"Domain hypernym (LLM-derived, HermiT-admitted) under descriptive_ice.",domain_hypernym,annotation | describes_property | personally_identifiable_information | resource_attribute
SDG.DOM.ANNOTATION,Annotation,ANNOTATION,3.1.D70.1,SDG.DOM.METADATA_DESCRIPTOR,sdg,Domain concept under metadata_descriptor.,domain_member,
SDG.DOM.DESCRIBES_PROPERTY,Describes Property,DESCRIBES_PROPERTY,3.1.D70.2,SDG.DOM.METADATA_DESCRIPTOR,sdg,Domain concept under metadata_descriptor.,domain_member,
SDG.DOM.PERSONALLY_IDENTIFIABLE_INFORMATION,Personally Identifiable Information,PERSONALLY_IDENTIFIABLE_INFORMATION,3.1.D70.3,SDG.DOM.METADATA_DESCRIPTOR,sdg,Domain concept under metadata_descriptor.,domain_member,
SDG.DOM.RESOURCE_ATTRIBUTE,Resource Attribute,RESOURCE_ATTRIBUTE,3.1.D70.4,SDG.DOM.METADATA_DESCRIPTOR,sdg,Domain concept under metadata_descriptor.,domain_member,
SDG.DOM.EBPF_HOOK_ATTACHMENT,Ebpf Hook Attachment,EBPF_HOOK_ATTACHMENT,1.D71,SDG.PROCESS,sdg,"Domain hypernym (LLM-derived, HermiT-admitted) under process.",domain_hypernym,at_hook | attaches_to_hook | attaches_to_return_hook
SDG.DOM.AT_HOOK,At Hook,AT_HOOK,1.D71.1,SDG.DOM.EBPF_HOOK_ATTACHMENT,sdg,Domain concept under ebpf_hook_attachment.,domain_member,
SDG.DOM.ATTACHES_TO_HOOK,Attaches To Hook,ATTACHES_TO_HOOK,1.D71.2,SDG.DOM.EBPF_HOOK_ATTACHMENT,sdg,Domain concept under ebpf_hook_attachment.,domain_member,
SDG.DOM.ATTACHES_TO_RETURN_HOOK,Attaches To Return Hook,ATTACHES_TO_RETURN_HOOK,1.D71.3,SDG.DOM.EBPF_HOOK_ATTACHMENT,sdg,Domain concept under ebpf_hook_attachment.,domain_member,
SDG.DOM.TELEMETRY_BUFFER_CONFIGURATION,Telemetry Buffer Configuration,TELEMETRY_BUFFER_CONFIGURATION,3.2.D72,SDG.ICE.DIRECTIVE,sdg,"Domain hypernym (LLM-derived, HermiT-admitted) under directive_ice.",domain_hypernym,l_r_u_hash_config | perf_buffer_config | perf_event_config | ring_buffer_config
SDG.DOM.L_R_U_HASH_CONFIG,L R U Hash Config,L_R_U_HASH_CONFIG,3.2.D72.1,SDG.DOM.TELEMETRY_BUFFER_CONFIGURATION,sdg,Domain concept under telemetry_buffer_configuration.,domain_member,
SDG.DOM.PERF_BUFFER_CONFIG,Perf Buffer Config,PERF_BUFFER_CONFIG,3.2.D72.2,SDG.DOM.TELEMETRY_BUFFER_CONFIGURATION,sdg,Domain concept under telemetry_buffer_configuration.,domain_member,
SDG.DOM.PERF_EVENT_CONFIG,Perf Event Config,PERF_EVENT_CONFIG,3.2.D72.3,SDG.DOM.TELEMETRY_BUFFER_CONFIGURATION,sdg,Domain concept under telemetry_buffer_configuration.,domain_member,
SDG.DOM.RING_BUFFER_CONFIG,Ring Buffer Config,RING_BUFFER_CONFIG,3.2.D72.4,SDG.DOM.TELEMETRY_BUFFER_CONFIGURATION,sdg,Domain concept under telemetry_buffer_configuration.,domain_member,
SDG.DOM.EBPF_PROGRAM_COMPONENT,Ebpf Program Component,EBPF_PROGRAM_COMPONENT,2.1.D73,SDG.ARTIFACT,sdg,"Domain hypernym (LLM-derived, HermiT-admitted) under artifact.",domain_hypernym,b_p_f_helper_function | bpf
SDG.DOM.B_P_F_HELPER_FUNCTION,B P F Helper Function,B_P_F_HELPER_FUNCTION,2.1.D73.1,SDG.DOM.EBPF_PROGRAM_COMPONENT,sdg,Domain concept under ebpf_program_component.,domain_member,
SDG.DOM.BPF,Bpf,BPF,2.1.D73.2,SDG.DOM.EBPF_PROGRAM_COMPONENT,sdg,Domain concept under ebpf_program_component.,domain_member,
SDG.DOM.DATA_TRANSFORMATION_RULE,Data Transformation Rule,DATA_TRANSFORMATION_RULE,3.2.D74,SDG.ICE.DIRECTIVE,sdg,"Domain hypernym (LLM-derived, HermiT-admitted) under directive_ice.",domain_hypernym,coarsens_frame | disjunctive | f_d_left_hand_side | f_d_right_hand_side | frame
SDG.DOM.COARSENS_FRAME,Coarsens Frame,COARSENS_FRAME,3.2.D74.1,SDG.DOM.DATA_TRANSFORMATION_RULE,sdg,Domain concept under data_transformation_rule.,domain_member,
SDG.DOM.DISJUNCTIVE,Disjunctive,DISJUNCTIVE,3.2.D74.2,SDG.DOM.DATA_TRANSFORMATION_RULE,sdg,Domain concept under data_transformation_rule.,domain_member,
SDG.DOM.F_D_LEFT_HAND_SIDE,F D Left Hand Side,F_D_LEFT_HAND_SIDE,3.2.D74.3,SDG.DOM.DATA_TRANSFORMATION_RULE,sdg,Domain concept under data_transformation_rule.,domain_member,
SDG.DOM.F_D_RIGHT_HAND_SIDE,F D Right Hand Side,F_D_RIGHT_HAND_SIDE,3.2.D74.4,SDG.DOM.DATA_TRANSFORMATION_RULE,sdg,Domain concept under data_transformation_rule.,domain_member,
SDG.DOM.FRAME,Frame,FRAME,3.2.D74.5,SDG.DOM.DATA_TRANSFORMATION_RULE,sdg,Domain concept under data_transformation_rule.,domain_member,
SDG.DOM.FORMAT_AND_TYPE_IDENTIFIER,Format And Type Identifier,FORMAT_AND_TYPE_IDENTIFIER,3.3.D75,SDG.ICE.DESIGNATIVE,sdg,"Domain hypernym (LLM-derived, HermiT-admitted) under designative_ice.",domain_hypernym,hook_kind | mime_type
SDG.DOM.HOOK_KIND,Hook Kind,HOOK_KIND,3.3.D75.1,SDG.DOM.FORMAT_AND_TYPE_IDENTIFIER,sdg,Domain concept under format_and_type_identifier.,domain_member,
SDG.DOM.MIME_TYPE,Mime Type,MIME_TYPE,3.3.D75.2,SDG.DOM.FORMAT_AND_TYPE_IDENTIFIER,sdg,Domain concept under format_and_type_identifier.,domain_member,
SDG.DOM.ASSERTION,Assertion,ASSERTION,3.D76,SDG.ICE,sdg,"Domain hypernym (LLM-derived, HermiT-admitted) under information_content_entity.",domain_hypernym,belief | belief_for_claim | claim | claim_about | doctrinal_narrative | for_claim | plausibility | plausibility_for_claim
SDG.DOM.BELIEF,Belief,BELIEF,3.D76.1,SDG.DOM.ASSERTION,sdg,Domain concept under assertion.,domain_member,
SDG.DOM.BELIEF_FOR_CLAIM,Belief For Claim,BELIEF_FOR_CLAIM,3.D76.2,SDG.DOM.ASSERTION,sdg,Domain concept under assertion.,domain_member,
SDG.DOM.CLAIM,Claim,CLAIM,3.D76.3,SDG.DOM.ASSERTION,sdg,Domain concept under assertion.,domain_member,
SDG.DOM.CLAIM_ABOUT,Claim About,CLAIM_ABOUT,3.D76.4,SDG.DOM.ASSERTION,sdg,Domain concept under assertion.,domain_member,
SDG.DOM.DOCTRINAL_NARRATIVE,Doctrinal Narrative,DOCTRINAL_NARRATIVE,3.D76.5,SDG.DOM.ASSERTION,sdg,Domain concept under assertion.,domain_member,
SDG.DOM.FOR_CLAIM,For Claim,FOR_CLAIM,3.D76.6,SDG.DOM.ASSERTION,sdg,Domain concept under assertion.,domain_member,
SDG.DOM.PLAUSIBILITY,Plausibility,PLAUSIBILITY,3.D76.7,SDG.DOM.ASSERTION,sdg,Domain concept under assertion.,domain_member,
SDG.DOM.PLAUSIBILITY_FOR_CLAIM,Plausibility For Claim,PLAUSIBILITY_FOR_CLAIM,3.D76.8,SDG.DOM.ASSERTION,sdg,Domain concept under assertion.,domain_member,
SDG.DOM.EMPIRICAL_RECORD,Empirical Record,EMPIRICAL_RECORD,3.1.D77,SDG.ICE.DESCRIPTIVE,sdg,"Domain hypernym (LLM-derived, HermiT-admitted) under descriptive_ice.",domain_hypernym,attestation | evidence | evidence_source | findings
SDG.DOM.ATTESTATION,Attestation,ATTESTATION,3.1.D77.1,SDG.DOM.EMPIRICAL_RECORD,sdg,Domain concept under empirical_record.,domain_member,
SDG.DOM.EVIDENCE,Evidence,EVIDENCE,3.1.D77.2,SDG.DOM.EMPIRICAL_RECORD,sdg,Domain concept under empirical_record.,domain_member,
SDG.DOM.EVIDENCE_SOURCE,Evidence Source,EVIDENCE_SOURCE,3.1.D77.3,SDG.DOM.EMPIRICAL_RECORD,sdg,Domain concept under empirical_record.,domain_member,
SDG.DOM.FINDINGS,Findings,FINDINGS,3.1.D77.4,SDG.DOM.EMPIRICAL_RECORD,sdg,Domain concept under empirical_record.,domain_member,
SDG.DOM.PROVENANCE_TRACE,Provenance Trace,PROVENANCE_TRACE,1.D78,SDG.PROCESS,sdg,"Domain hypernym (LLM-derived, HermiT-admitted) under process.",domain_hypernym,from_source | originates_from | produces_evidence | provenance | was_attributed_to
SDG.DOM.FROM_SOURCE,From Source,FROM_SOURCE,1.D78.1,SDG.DOM.PROVENANCE_TRACE,sdg,Domain concept under provenance_trace.,domain_member,
SDG.DOM.ORIGINATES_FROM,Originates From,ORIGINATES_FROM,1.D78.2,SDG.DOM.PROVENANCE_TRACE,sdg,Domain concept under provenance_trace.,domain_member,
SDG.DOM.PRODUCES_EVIDENCE,Produces Evidence,PRODUCES_EVIDENCE,1.D78.3,SDG.DOM.PROVENANCE_TRACE,sdg,Domain concept under provenance_trace.,domain_member,
SDG.DOM.PROVENANCE,Provenance,PROVENANCE,1.D78.4,SDG.DOM.PROVENANCE_TRACE,sdg,Domain concept under provenance_trace.,domain_member,
SDG.DOM.WAS_ATTRIBUTED_TO,Was Attributed To,WAS_ATTRIBUTED_TO,1.D78.5,SDG.DOM.PROVENANCE_TRACE,sdg,Domain concept under provenance_trace.,domain_member,
SDG.DOM.EVIDENTIAL_RELATION,Evidential Relation,EVIDENTIAL_RELATION,3.D79,SDG.ICE,sdg,"Domain hypernym (LLM-derived, HermiT-admitted) under information_content_entity.",domain_hypernym,evidence_correlated_with | evidence_independent_of | refuted_by_evidence | refutes_claim | requires_evidence | supported_by_evidence | supports_claim
SDG.DOM.EVIDENCE_CORRELATED_WITH,Evidence Correlated With,EVIDENCE_CORRELATED_WITH,3.D79.1,SDG.DOM.EVIDENTIAL_RELATION,sdg,Domain concept under evidential_relation.,domain_member,
SDG.DOM.EVIDENCE_INDEPENDENT_OF,Evidence Independent Of,EVIDENCE_INDEPENDENT_OF,3.D79.2,SDG.DOM.EVIDENTIAL_RELATION,sdg,Domain concept under evidential_relation.,domain_member,
SDG.DOM.REFUTED_BY_EVIDENCE,Refuted By Evidence,REFUTED_BY_EVIDENCE,3.D79.3,SDG.DOM.EVIDENTIAL_RELATION,sdg,Domain concept under evidential_relation.,domain_member,
SDG.DOM.REFUTES_CLAIM,Refutes Claim,REFUTES_CLAIM,3.D79.4,SDG.DOM.EVIDENTIAL_RELATION,sdg,Domain concept under evidential_relation.,domain_member,
SDG.DOM.REQUIRES_EVIDENCE,Requires Evidence,REQUIRES_EVIDENCE,3.D79.5,SDG.DOM.EVIDENTIAL_RELATION,sdg,Domain concept under evidential_relation.,domain_member,
SDG.DOM.SUPPORTED_BY_EVIDENCE,Supported By Evidence,SUPPORTED_BY_EVIDENCE,3.D79.6,SDG.DOM.EVIDENTIAL_RELATION,sdg,Domain concept under evidential_relation.,domain_member,
SDG.DOM.SUPPORTS_CLAIM,Supports Claim,SUPPORTS_CLAIM,3.D79.7,SDG.DOM.EVIDENTIAL_RELATION,sdg,Domain concept under evidential_relation.,domain_member,
SDG.DOM.SCHEMA_SPECIFICATION,Schema Specification,SCHEMA_SPECIFICATION,3.D80,SDG.ICE,sdg,"Domain hypernym (LLM-derived, HermiT-admitted) under information_content_entity.",domain_hypernym,aligned_to_schema_org | schema | schema_category | schemaorg
SDG.DOM.ALIGNED_TO_SCHEMA_ORG,Aligned To Schema Org,ALIGNED_TO_SCHEMA_ORG,3.D80.1,SDG.DOM.SCHEMA_SPECIFICATION,sdg,Domain concept under schema_specification.,domain_member,
SDG.DOM.SCHEMA,Schema,SCHEMA,3.D80.2,SDG.DOM.SCHEMA_SPECIFICATION,sdg,Domain concept under schema_specification.,domain_member,
SDG.DOM.SCHEMA_CATEGORY,Schema Category,SCHEMA_CATEGORY,3.D80.3,SDG.DOM.SCHEMA_SPECIFICATION,sdg,Domain concept under schema_specification.,domain_member,
SDG.DOM.SCHEMAORG,Schemaorg,SCHEMAORG,3.D80.4,SDG.DOM.SCHEMA_SPECIFICATION,sdg,Domain concept under schema_specification.,domain_member,
SDG.DOM.VERSION_IDENTIFIER,Version Identifier,VERSION_IDENTIFIER,3.3.D81,SDG.ICE.DESIGNATIVE,sdg,"Domain hypernym (LLM-derived, HermiT-admitted) under designative_ice.",domain_hypernym,column_version | schema_version
SDG.DOM.COLUMN_VERSION,Column Version,COLUMN_VERSION,3.3.D81.1,SDG.DOM.VERSION_IDENTIFIER,sdg,Domain concept under version_identifier.,domain_member,
SDG.DOM.SCHEMA_VERSION,Schema Version,SCHEMA_VERSION,3.3.D81.2,SDG.DOM.VERSION_IDENTIFIER,sdg,Domain concept under version_identifier.,domain_member,
SDG.DOM.LIFECYCLE_MARKER,Lifecycle Marker,LIFECYCLE_MARKER,3.1.D82,SDG.ICE.DESCRIPTIVE,sdg,"Domain hypernym (LLM-derived, HermiT-admitted) under descriptive_ice.",domain_hypernym,added_at_schema_version | dropped_at_schema_version | dropped_at_schema_version_category
SDG.DOM.ADDED_AT_SCHEMA_VERSION,Added At Schema Version,ADDED_AT_SCHEMA_VERSION,3.1.D82.1,SDG.DOM.LIFECYCLE_MARKER,sdg,Domain concept under lifecycle_marker.,domain_member,
SDG.DOM.DROPPED_AT_SCHEMA_VERSION,Dropped At Schema Version,DROPPED_AT_SCHEMA_VERSION,3.1.D82.2,SDG.DOM.LIFECYCLE_MARKER,sdg,Domain concept under lifecycle_marker.,domain_member,
SDG.DOM.DROPPED_AT_SCHEMA_VERSION_CATEGORY,Dropped At Schema Version Category,DROPPED_AT_SCHEMA_VERSION_CATEGORY,3.1.D82.3,SDG.DOM.LIFECYCLE_MARKER,sdg,Domain concept under lifecycle_marker.,domain_member,
SDG.DOM.SCHEMA_EVOLUTION,Schema Evolution,SCHEMA_EVOLUTION,1.D83,SDG.PROCESS,sdg,"Domain hypernym (LLM-derived, HermiT-admitted) under process.",domain_hypernym,migrates_schema_to | schema_revision_of
SDG.DOM.MIGRATES_SCHEMA_TO,Migrates Schema To,MIGRATES_SCHEMA_TO,1.D83.1,SDG.DOM.SCHEMA_EVOLUTION,sdg,Domain concept under schema_evolution.,domain_member,
SDG.DOM.SCHEMA_REVISION_OF,Schema Revision Of,SCHEMA_REVISION_OF,1.D83.2,SDG.DOM.SCHEMA_EVOLUTION,sdg,Domain concept under schema_evolution.,domain_member,
